축제명,축제 유형,개최 장소,,개최기간,,,,,,,공연 날짜,방문객수
,,지역,,시작일,,,종료일,,,"총
일수",,전체
,,시군구,읍면동,년,월,일,년,월,일,,,
춘천막국수닭갈비축제,특산물,춘천시,근화동,2023,6,13,2023,6,18,6,"16, 17, 18","153,597"
2024 온세대 합창페스티벌,문화예술,춘천시,효자1동,2023,8,25,2023,8,25,1,,"13,205"
2024 석사천 재즈 페스타,문화예술,춘천시,강남동,2023,10,6,2023,10,8,3,,"39,000"
2024 춘베리아 특급열차,문화예술,춘천시,효자1동,2023,12,10,2023,12,12,3,"10, 11, 12","5,000"
제45회 소양강문화제,문화예술,춘천시,소양동,2023,9,23,2023,9,24,2,,"7,060"
춘천 토이페스티벌,기타,춘천시,서면,2023,11,11,2023,11,12,2,11,"30,000"
제23회 섬강축제,생태자연,원주시,지정면,2023,11,3,2023,11,5,3,,"6,000"
제21회 장미축제,기타,원주시,단계동,2023,5,26,2023,5,28,3,,"10,000"
2024 원주 댄싱카니발,문화예술,원주시,명륜1동,2023,9,22,2023,9,24,3,"22, 23, 24","410,000"
제26회 원주한지문화제,문화예술,원주시,무실동,2023,5,5,2023,5,14,10,,"230,000"
치악산 복숭아 축제,특산물,원주시,명륜1동,2023,8,19,2023,8,20,2,,"16,000"
치악산 고구마 축제,특산물,원주시,지정면,2023,10,21,2023,10,22,2,,"15,000"
2024 경포 벚꽃 축제,자연,강릉시,경포동,2023,3,31,2023,4,5,6,,"300,000"
제2회 초당미식로드축제 「초당도시락(樂)」,기타,강릉시,경포동,2023,5,13,2023,5,13,1,,"5,000"
강릉단오제,전통역사,강릉시,"강남동,중앙동",2023,6,18,2023,6,25,8,,"620,000"
제3회 강릉 비치비어페스티벌,기타,강릉시,경포동,2023,6,30,2023,7,2,3,,"40,000"
풍호마을축제,기타,강릉시,강동면,2023,7,28,2023,7,30,3,,"5,000"
2024 경포 썸머페스티벌,기타,강릉시,경포동,2023,7,30,2023,8,6,8,"30, 2, 3, 4","48,000"
강릉문화재야행,기타,강릉시,중앙동,2023,7,8,2023,7,10,3,,"261,000"
제2회 경포 등 축제,기타,강릉시,경포동,2023,9,28,2023,10,3,6,,"170,000"
제16회 강릉커피축제,기타,강릉시,"초당동,경포동",2023,10,12,2023,10,15,4,"13, 14","420,000"
제3회 강릉 누들축제,특산물,강릉시,중앙동,2023,10,27,2023,10,29,3,,"37,500"
제3회 강릉와인축제,기타,강릉시,중앙동,2023,11,2,2023,11,4,3,,"50,000"
제4회 강릉크리스마스 겨울축제,기타,강릉시,옥천동,2023,12,23,2023,12,25,3,,"10,000"
2025 해돋이 행사,기타,강릉시,"경포동,강동면",2022,12,31,2023,1,1,2,,"220,000"
동해항 크랩킹페스타,특산물,동해시,북평동,2023,5,5,2023,5,7,3,,"12,000"
제6회 묵호등대 논골담길 축제,문화예술,동해시,묵호동,2023,9,8,2023,9,10,3,,500
제2회 무릉별유천지 라벤더 축제,생태자연,동해시,북삼동,2023,6,9,2023,6,11,3,,"11,894"
묵호도째비페스타,특산물,동해시,발한동,2023,7,21,2023,7,23,3,22,"15,000"
동해무릉제,주민화합,동해시,천곡동,2023,9,22,2023,9,24,3,"22, 23","20,000"
제 31회 태백산 눈축제,생태자연,태백시,"문곡소도동, 황지동",2023,1,27,2023,1,31,5,27,"306,200"
한강낙동강발원지 축제,문화예술,태백시,황지동,2023,7,28,2023,8,6,10,28,"70,638"
태백제,주민화합,태백시,문곡소도동,2023,10,1,2023,10,3,3,1,"18,508"
태백 천상의 산나물축제,생태자연,태백시,장성동,2023,4,29,2023,5,1,3,,"5,000"
설악벚꽃축제,생태자연,속초시,노학동,2023,4,8,2023,4,8,1,,"1,200"
2024 실향민문화축제,문화예술,속초시,"조양동,청호동",2023,6,9,2023,6,11,3,,"98,723"
2024 속초썸머페스티벌,문화예술,속초시,조양동,2023,7,28,2023,8,5,9,,"37,000"
2024 속초음식축제,특산물,속초시,조양동,2023,10,6,2023,10,8,3,,"121,000"
제59회 설악문화제,문화예술,속초시,"조양동,금호동,교동",2023,10,6,2023,10,8,3,"6, 8","121,914"
삼척정월대보름제,전통역사,삼척시,"조양동,교동",2023,2,3,2023,2,5,3,3,"113,000"
2024 삼척 장미축제,생태자연,삼척시,성내동,2023,5,20,2023,5,24,5,,"330,000"
제15회 삼척평생학습박람회 및 제5회 책축제,기타,삼척시,성내동,2023,10,21,2023,10,22,2,,"25,000"
제12회 홍천강 꽁꽁축제,전통역사,홍천군,홍천읍,2023,1,13,2023,1,24,12,,"150,820"
제8회 홍천강 별빛음악 맥주축제,특산물,홍천군,홍천읍,2023,8,1,2023,8,6,6,"4, 5","130,682"
제6회 홍천산나물축제,특산물,홍천군,홍천읍,2023,4,28,2023,4,30,3,,"31,080"
제28회 홍천찰옥수수축제,특산물,홍천군,홍천읍,2023,7,28,2023,7,30,3,,"38,064"
제22회 강원홍천 인삼한우 명품축제,특산물,홍천군,홍천읍,2023,10,6,2023,10,9,4,,"70,472"
제9회 홍천사과축제,특산물,홍천군,홍천읍,2023,11,3,2023,11,5,3,,"33,485"
제13회 둔내고랭지토마토축제,특산물,횡성군,둔내면,2023,8,12,2023,8,14,3,13,"38,000"
제11회 횡성더덕축제,특산물,횡성군,청일면,2023,9,15,2023,9,17,3,15,"30,000"
제16회 안흥찐빵축제,특산물,횡성군,안흥면,2023,10,13,2023,10,15,3,,"70,000"
제20회 횡성한우축제,특산물,횡성군,횡성읍,2023,10,6,2023,10,10,5,"6, 7, 8, 9, 10","250,000"
제5회 횡성호수길축제,생태자연,횡성군,갑천면,2023,5,5,2023,5,7,3,,"11,000"
제35회 회다지민속문화제,전통역사,횡성군,우천면,2023,4,28,2023,4,30,3,,"4,000"
제5회 태종노구문화제,전통역사,횡성군,강림면,2023,10,21,2023,10,22,2,,"2,000"
제2회 소(牛)맥 프리미엄 페스티벌,기타,횡성군,공근면,2023,8,25,2023,8,27,3,,"7,000"
단종문화제,전통역사,영월군,영월읍,2023,4,28,2023,4,30,3,,"50,000"
동강뗏목축제,문화예술,영월군,영월읍,2023,7,28,2023,7,30,3,"28, 29, 30","50,000"
김삿갓문화제,전통역사,영월군,김삿갓면,2023,9,22,2023,9,24,3,"22, 23","30,000"
제30회 대관령눈꽃축제,생태자연,평창군,대관령면,2023,1,20,2023,1,29,10,,"67,317"
2024 계촌클래식축제,문화예술,평창군,방림면,2023,5,26,2023,5,28,3,,"4,500"
2024 평창더위사냥축제,생태자연,평창군,대화면,2023,7,28,2023,8,6,10,,"21,635"
2024 평창효석문화제,문화예술,평창군,봉평면,2023,9,8,2023,9,17,10,,"267,925"
2024 평창농악축제,전통역사,평창군,용평면,2023,9,15,2023,9,18,4,,"5,000"
2024 평창백일홍축제,생태자연,평창군,평창읍,2023,9,22,2023,10,3,12,,"99,266"
제18회 정선 동강할미꽃 축제,생태자연,정선군,정선읍,2023,3,31,2023,3,31,1,,"2,500"
함백산야생화축제,생태자연,정선군,고한읍,2023,7,29,2023,8,6,9,,"150,000"
제28회 사북석탄문화제,문화예술,정선군,사북읍,2023,8,4,2023,8,6,3,,"1,400"
두위봉 철쭉축제,생태자연,정선군,방제리,2023,5,27,2023,5,28,2,,"5,100"
제32회 화암약수제,기타,정선군,화암면,2023,4,29,2023,4,30,2,,"1,500"
2024 정선토속음식 축제,기타,정선군,북평면,2023,4,21,2023,4,23,3,,"60,000"
항골 숨바우길 트레킹 대회,기타,정선군,북평면,2023,10,21,2023,10,21,1,,"1,000"
제49회 정선아리랑제,전통역사,정선군,정선읍,2023,9,14,2023,9,17,4,"14, 15, 16, 17","103,906"
제13회 철원 한탄강 얼음트레킹 축제,생태자연,철원군,동송읍,2023,1,14,2023,1,24,11,,"180,000"
제18회 철원 화강 다슬기 축제,생태자연,철원군,김화읍,2023,8,3,2023,8,6,4,"3/3, 4, 5","186,450"
제42회 태봉제,기타,철원군,갈말읍,2023,10,5,2023,10,7,3,,"35,980"
제19회 산천어축제,문화예술,화천군,화천읍,2023,1,7,2023,1,29,23,,"1,315,476"
제20회 화천토마토축제,특산물,화천군,"사내면,사창리",2023,8,3,2023,8,6,4,3,"116,514"
2024 청춘양구 곰취축제,특산물,양구군,양구읍,2023,5,5,2023,5,7,3,"5, 6","62,991"
2024 국토정중앙 청춘양구 배꼽축제,문화예술,양구군,양구읍,2023,9,1,2023,9,3,3,,"70,632"
2024 청춘양구 펀치볼 시래기 사과 축제,특산물,양구군,해안면,2023,10,28,2023,10,29,2,28,"31,493"
국토정중앙 양구 보름달축제,문화예술,양구군,국토정중앙면,2023,9,29,2023,9,30,2,,"1,100"
제24회 용대황태축제,지역특산물,인제군,북면,2023,5,27,2023,5,29,3,,"35,000"
제42회 합강문화제,문화예술,인제군,인제읍,2023,10,13,2023,10,15,3,14,"6,000"
2024 봉포리 죽도 하트썸 축제,기타,고성군,토성면,2023,10,6,2023,10,8,3,,"7,500"
해안선 레저스포츠 페스티벌,기타,고성군,죽왕면,2023,8,19,2023,8,20,2,,"1,000"
제42회 군민의 날 및 수성문화제,전통역사,고성군,간성읍,2023,9,22,2023,9,24,3,,"10,000"
제24회 고성통일명태축제,전통역사,고성군,거진읍,2023,10,26,2023,10,29,4,"27, 28, 29","107,000"
아기연어 보내기 체험행사,생태자연,양양군,양양읍,2023,3,3,2023,3,5,3,,"1,400"
양양송이연어축제,"특산물, 생태자연",양양군,양양읍,2023,10,4,2023,10,8,5,"4, 5, 6, 7","192,267"
춘천막국수닭갈비축제,지역특산물,춘천시,강남동,2024,6,18,2024,6,23,6,,"128,373"
2025 댄싱카니발,문화예술,원주시,명륜1동,2024,10,4,2024,10,6,3,,"318,718"
원주 한지문화제,문화예술,원주시,무실동,2024,9,20,2024,9,29,10,,"260,000"
용수골꽃양귀비축제,문화예술,원주시,판부면,2024,5,17,2024,6,6,21,,"35,176"
장미축제,문화예술,원주시,단계동,2024,5,29,2024,6,2,5,,"46,000"
섬강축제,문화예술,원주시,지정면,2024,9,6,2024,9,8,3,,"6,000"
남한강 코스모스 축제,문화예술,원주시,부론면,2024,9,7,2024,9,7,1,,700
신월랑 달빛 축제,문화예술,원주시,행구동,2024,6,21,2024,6,23,3,,200
제11회 치악산한우 축제,지역특산물,원주시,"명륜1동,명륜2동",2024,6,13,2024,6,15,3,,"4,174"
제24회 치악산 복숭아 축제,지역특산물,원주시,명륜1동,2024,8,17,2024,8,18,2,,"7,000"
제4회 치악산 고구마 축제,지역특산물,원주시,지정면,2024,10,19,2024,10,20,2,,"10,000"
제31회 국제걷기대회,문화예술,원주시,명륜1동,2024,10,26,2024,10,27,2,,"10,473"
2025 원주만두축제,지역특산물,원주시,중앙동,2024,10,25,2024,10,27,3,,"520,517"
원주문화의거리 치맥축제,주민화합,원주시,중앙동,2024,9,4,2024,9,7,4,,"70,000"
경포 벚꽃 축제,자연생태,강릉시,경포동,2024,4,5,2024,4,10,6,,"300,000"
남산 벚꽃 축제,자연생태,강릉시,강남동,2024,3,29,2024,4,3,6,,"3,500"
난설헌문화제,문화예술,강릉시,초당동,2024,4,27,2024,4,28,2,,"2,000"
초당 미식로드 축제,지역특산물,강릉시,초당동,2024,5,18,2024,5,18,1,,"2,000"
강릉 차문화 축제,문화예술,강릉시,경포동,2024,5,24,2024,5,26,3,,"26,600"
2025 강릉단오제,전통역사,강릉시,중앙동,2024,6,6,2024,6,13,8,,"710,000"
강릉 비치비어 페스티벌,문화예술,강릉시,초당동,2024,6,28,2024,6,30,3,,"51,000"
경포 썸머 페스티벌,문화예술,강릉시,초당동,2024,7,30,2024,8,5,7,"7/30, 7/31, 8/1, 8/2, 8/3, 8/4, 8/5","54,080"
강릉 국가유산 야행,전통역사,강릉시,중앙동,2024,8,15,2024,8,17,3,,"149,000"
경포 등 축제,전통역사,강릉시,경포동,2024,9,14,2024,9,18,5,,"91,855"
제4회 강릉 누들 축제,지역특산물,강릉시,중앙동,2024,10,18,2024,10,20,3,,"50,360"
제 17회 강릉커피축제,주민화합,강릉시,송정동,2024,10,24,2024,10,27,4,,"440,000"
2025 강릉크리스마스 겨울축제,주민화합,강릉시,중앙동,2024,12,21,2024,12,25,5,,"20,000"
제12회 전천축제,문화예술,동해시,북평동,2024,4,26,2024,4,28,3,,"60,000"
2025 무릉별유천지 라벤더축제,자연생태,동해시,삼화동,2024,6,8,2024,6,23,16,,"75,127"
2025 묵호 도째비 페스타,주민화합,동해시,묵호동,2024,7,19,2024,7,21,3,"7/19, 7/20","65,000"
제7회 묵호등대 논골담길 축제,문화예술,동해시,묵호동,2024,8,30,2024,8,30,2,,500
제3회 발한칼국수 축제,문화예술,동해시,발한동,2024,10,19,2024,10,20,2,,"10,000"
제32회 태백산 눈축제,문화예술,태백시,"문곡소도동,상장동",2024,1,26,2024,2,4,10,,"585,364"
제10회 한강낙동강발원지 축제,문화예술,태백시,상장동,2024,7,27,2024,8,4,9,,"177,063"
2025 영랑호 벚꽃축제,자연생태,속초시,금호동,2024,3,30,2024,3,31,2,,"40,000"
2025 설악무산문화축전,문화예술,속초시,조양동,2024,6,7,2024,6,9,3,,"50,000"
2025 실향민 문화축제,문화예술,속초시,조양동,2024,6,14,2024,6,16,3,,"75,062"
2025 속초썸머페스티벌,문화예술,속초시,조양동,2024,8,9,2024,8,11,3,"8/8, 9, 10","110,000"
제60회 설악문화제,기타,속초시,"조앙동,금호동",2024,10,4,2024,10,6,3,"4, 6","101,012"
삼척정원대보름제,전통역사,삼척시,"성내동,교동",2024,2,23,2024,2,25,3,23,"74,400"
제21회 삼척맹방유채꽃축제,자연생태,삼척시,근덕면,2024,3,29,2024,4,14,17,"3/30, 4/13","264,754"
삼척 장미축제,자연생태,삼척시,정라동,2024,5,18,2024,5,22,5,"19, 20, 21, 22","350,000"
삼척동해왕이사부축제,전통역사,삼척시,성내동,2024,7,20,2024,7,21,2,,"42,000"
"제16회 삼척평생학습박람회 및 
제6회 책축제",문화예술,삼척시,성내동,2024,10,19,2024,10,20,2,,"15,000"
2025 삼척 문화유산 야행,전통역사,삼척시,성내동,2024,10,25,2024,10,27,3,,"19,590"
제13회 홍천강 꽁꽁축제,전통역사,홍천군,홍천읍,2024,1,5,2024,1,21,17,,"161,155"
제7회 홍천산나물축제,지역특산물,홍천군,홍천읍,2024,4,26,2024,4,28,3,,"36,045"
제29회 홍천찰옥수수축제,지역특산물,홍천군,홍천읍,2024,7,19,2024,7,21,3,,"26,850"
제9회 홍천강 별빛음악 맥주축제,지역특산물,홍천군,홍천읍,2024,7,31,2024,8,4,5,"31, 1, 2, 3, 4","131,189"
제23회 홍천 인삼한우 명품축제,지역특산물,홍천군,홍천읍,2024,10,3,2024,10,6,4,"3, 5","100,472"
제10회 홍천사과축제,지역특산물,홍천군,홍천읍,2024,11,1,2024,11,3,3,,"40,815"
제21회 횡성한우축제,지역특산물,횡성군,횡성읍,2024,10,2,2024,10,6,5,"2, 3, 4, 5, 6","302,000"
제14회 둔내고랭지토마토축제,지역특산물,횡성군,둔내면,2024,8,9,2024,8,11,3,"8/9, 10, 11","30,977"
제12회 횡성더덕축제,지역특산물,횡성군,청일면,2024,9,6,2024,9,8,3,6,"33,031"
제17회 안흥찐빵축제,지역특산물,횡성군,안흥면,2024,10,11,2024,10,13,3,11,"45,241"
제6회 횡성호수길축제,주민화합,횡성군,갑천면,2024,5,10,2024,5,12,3,10,"13,560"
제3회 소(牛)맥 프리미엄 페스티벌,주민화합,횡성군,공근면,2024,8,23,2024,8,25,3,,"7,500"
제4회 태종노구문화제,전통역사,횡성군,강림면,2024,9,28,2024,9,29,2,,"2,368"
단종문화제,전통역사,영월군,영월읍,2024,4,26,2024,4,28,3,26,"50,990"
동강뗏목축제,문화예술,영월군,영월읍,2024,8,2,2024,8,4,3,"8/2, 3, 4","75,335"
김삿갓문화제,전통역사,영월군,김삿갓면,2024,10,11,2024,10,13,3,,"19,739"
2025년 평창더위사냥축제,자연생태,평창군,대화면,2024,7,26,2024,8,4,10,,"33,670"
2025년 평창효석문화제,지역특산물,평창군,봉평면,2024,9,6,2024,9,15,10,,"140,357"
2025년 평창농악축제,전통역사,평창군,용평면,2024,9,13,2024,9,16,4,,"7,500"
2025년 평창백일홍축제,자연생태,평창군,평창읍,2024,9,13,2024,9,22,10,,"117,920"
2025년 대관령눈꽃축제,자연생태,평창군,대관령면,2024,1,27,2024,2,11,16,,"82,695"
정선동강할미꽃축제,자연생태,정선군,정선읍,2024,3,22,2024,3,24,3,,"20,000"
로컬푸드축제,지역특산물,정선군,북평면,2024,4,19,2024,4,21,3,,"60,000"
두위봉철쭉축제,자연생태,정선군,신동읍,2024,6,8,2024,6,8,1,,"60,000"
정선 함백산 야생화축제,자연생태,정선군,고한읍,2024,7,27,2024,8,4,9,,"150,000"
아우라지 뗏목축제,전통역사,정선군,여량면,2024,7,26,2024,7,27,2,,"50,000"
사북석탄문화제,주민화합,정선군,사북읍,2024,8,2,2024,8,4,3,,"10,000"
벚꽃축제,자연생태,정선군,북평면,2024,4,13,2024,4,13,1,,"30,000"
항골 숨바우길 트레킹 대회,자연생태,정선군,북평면,2024,10,26,2024,10,26,1,,"15,000"
제50회 정선아리랑제,전통역사,정선군,정선읍,2024,10,2,2024,10,5,4,"2, 5","111,939"
제13회 철원 한탄강 얼음트레킹 축제,자연생태,철원군,동송읍,2024,1,13,2024,1,21,9,,"100,000"
제18회 철원 화강 다슬기 축제,자연생태,철원군,김화읍,2024,8,1,2024,8,4,4,"1, 2, 3, 4","200,000"
제42회 태봉제,전통역사,철원군,갈말읍,2024,10,3,2024,10,5,3,"3, 4","45,000"
제21회 화천토마토축제,지역특산물,화천군,사내면,2024,8,1,2024,8,4,4,,"133,518"
2025 청춘양구 곰취축제,지역특산물,양구군,양구읍,2024,5,3,2024,5,6,4,,"83,821"
2025 국토정중앙 청춘양구 배꼽축제,문화예술,양구군,양구읍,2024,8,30,2024,9,1,3,"30, 31","68,251"
2025 청춘양구 펀치볼시래기사과축제,지역특산물,양구군,해안면,2024,11,1,2024,11,3,3,2,"43,441"
국토정중앙 양구 보름달 축제,문화예술,양구군,국토정중앙면,2024,9,16,2024,9,17,2,,769
2025 인제 가을꽃축제,자연생태,인제군,북면,2024,9,28,2024,10,20,23,"28, 5, 19","250,000"
만해축전,문화예술,인제군,북면,2024,8,22,2024,8,22,1,,"30,000"
합강문화제,주민화합,인제군,인제읍,2024,10,11,2024,10,13,3,12,"30,000"
용대황태축제,자연생태,인제군,북면,2024,5,4,2024,5,6,3,,"20,000"
하추리도리깨축제,자연생태,인제군,인제읍,2024,10,26,2024,10,27,2,,"8,000"
인제천리길걷기축제,자연생태,인제군,북면,2024,10,19,2024,10,20,2,,400
제25회 고성통일명태축제,전통역사,고성군,거진읍,2024,10,11,2024,10,13,3,"11, 13","97,000"
춘천막국수닭갈비축제,지역특산물,춘천시,강남동,2025,10,16,2025,10,19,4,"16, 17, 18, 19","300,000"
춘천아트페어 아르로드 R.OAD,문화예술,춘천시,옥천동,2025,6,6,2025,6,11,6,,"3,000"
춘천영화제,문화예술,춘천시,옥천동,2025,6,26,2025,6,29,4,,"3,285"
2026 공연예술제,문화예술,춘천시,약사명동,2025,8,12,2025,8,16,4,,625
춘천 오페라 페스티벌,문화예술,춘천시,"삼천동,효자동",2025,8,22,2025,8,23,2,,"2,300"
2026 온세대합창페스티벌,문화예술,춘천시,"효자동,삼천동",2025,8,23,2025,8,30,8,,"6,908"
춘천커피축제,문화예술,춘천시,온의동,2025,10,9,2025,10,11,3,,"40,000"
2026 춘천 반려동물 페스티벌,문화예술,춘천시,서면,2025,9,13,2025,9,14,2,,"10,000"
2026년 제5회 강원한우데이,지역특산물,춘천시,옥천동,2025,6,13,2025,6,15,3,,"1,100"
제6회 춘천 술 페스타,문화예술,춘천시,삼천동,2025,9,26,2025,9,27,2,,"25,232"
춘천 애니토이페스티벌,문화예술,춘천시,서면,2025,10,17,2025,10,19,3,,"28,745"
춘천 감자페스타,지역특산물,춘천시,신북읍,2025,6,21,2025,6,22,2,,"24,000"
2026 댄싱카니발,문화예술,원주시,명륜동,2025,9,26,2025,9,28,3,"26, 27, 28","198,864"
원주 한지문화제,문화예술,원주시,무실동,2025,5,1,2025,5,5,5,,"34,500"
용수골꽃양귀비축제,자연생태,원주시,판부면,2025,5,22,2025,6,8,19,,"56,791"
장미축제,자연생태,원주시,단계동,2025,6,4,2025,6,8,5,,"48,102"
섬강축제,주민화합,원주시,지정면,2025,10,18,2025,10,19,2,,"10,000"
혁신도시 상생마켓,주민화합,원주시,반곡관설동,2025,5,17,2025,5,18,2,,"12,000"
혁신페스타,주민화합,원주시,반곡관설동,2025,9,18,2025,9,20,3,,"12,000"
2026 원주라면축제,주민화합,원주시,우산동,2025,9,19,2025,9,21,3,,"20,000"
2026 원주만두축제,지역특산물,원주시,중앙동,2025,10,24,2025,10,26,3,"24, 25, 26","410,000"
원주문화의거리 치맥축제,주민화합,원주시,중앙동,2025,9,3,2025,9,6,4,,"55,000"
제12회 치악산한우 축제,지역특산물,원주시,명륜동,2025,6,13,2025,6,15,3,"13, 14, 15","5,000"
제32회 국제걷기대회,문화예술,원주시,명륜동,2025,10,24,2025,10,25,2,,"10,622"
제63회 농업인의 날 삼토 페스티벌,전통역사,원주시,명륜1동,2025,11,8,2025,11,11,4,"8, 9, 10, 11","50,000"
경포 벚꽃 축제,자연생태,강릉시,경포동,2025,4,4,2025,4,9,6,,"275,000"
솔올블라썸,자연생태,강릉시,교동,2025,4,4,2025,4,6,3,,"50,000"
남산 벚꽃 축제,자연생태,강릉시,강남동,2025,3,29,2025,3,31,3,,"15,711"
강릉 차문화 축제,문화예술,강릉시,경포동,2025,5,23,2025,5,25,3,,"32,317"
강릉단오제,전통역사,강릉시,"강남동,중앙동",2025,5,27,2025,6,3,8,,"956,000"
강릉 비치비어 페스티벌,문화예술,강릉시,경포동,2025,6,27,2025,6,29,3,,"63,000"
경포 썸머 페스티벌,문화예술,강릉시,경포동,2025,7,29,2025,8,4,7,"31, 1, 2, 3","81,266"
강릉 국가유산야행,전통역사,강릉시,중앙동,2025,8,14,2025,8,16,3,,"159,620"
강릉 누들 축제,지역특산물,강릉시,중앙동,2025,10,30,2025,11,2,4,,"190,155"
제18회 강릉커피축제,주민화합,강릉시,송정동,2025,10,30,2025,11,2,4,,"520,000"
2026 강릉크리스마스 겨울축제,주민화합,강릉시,"중앙동,옥천동,교2동,송정동",2025,12,20,2025,12,25,6,,"212,000"
제8회 묵호등대 논골담길 축제,문화예술,동해시,묵호동,2025,9,26,2025,9,28,3,,500
제13회 전천축제,문화예술,동해시,북평동,2025,4,4,2025,4,5,2,,"30,000"
제4회 발한 호로롱 페스티벌,주민화합,동해시,발한동,2025,10,18,2025,10,19,2,,"3,000"
2026년 무릉별유천지 라벤더축제,자연생태,동해시,삼화동,2025,6,14,2025,6,22,9,,"85,792"
제5회 송정막걸리축제,주민화합,동해시,송정동,2025,9,5,2025,9,6,2,,"1,000"
동해무릉제,주민화합,동해시,천곡동,2025,9,18,2025,9,21,4,"19, 20","70,000"
도째비페스타,주민화합,동해시,묵호동,2025,7,18,2025,7,20,3,18,"65,000"
"제11회 한강,낙동강발원지 축제",자연생태,태백시,"황지동,삼수동",2025,7,26,2025,8,3,9,"26, 31","194,212"
태백 천상의 산나물 축제,지역특산물,태백시,장성동,2025,5,2,2025,5,4,3,"3, 4","29,500"
제3회 탄광문화고기축제,지역특산물,태백시,철암동,2025,8,1,2025,8,3,3,,"6,000"
2026 영랑호 벚꽃축제,자연생태,속초시,영랑동,2025,4,12,2025,4,13,2,,"30,000"
2026년 설악무산문화축전,전통역사,속초시,조양동,2025,5,23,2025,5,25,3,"23, 24, 25","70,000"
2026 실향민 문화축제,문화예술,속초시,조양동,2025,6,12,2025,6,13,2,13,"129,664"
2026 속초썸머페스티벌,문화예술,속초시,조양동,2025,8,1,2025,8,3,3,,"101,225"
제61회 설악문화제,문화예술,속초시,조양동,2025,10,24,2025,10,26,3,,"78,060"
2026 삼척정월대보름제,전통역사,삼척시,성내동,2025,2,12,2025,2,16,5,14,"118,109"
제22회맹방유채꽃축제,자연생태,삼척시,근덕면,2025,4,4,2025,4,20,17,5,"243,000"
제13회 삼척 하장 두타산 산나물축제,지역특산물,삼척시,하장면,2025,5,9,2025,5,11,3,,"3,000"
2026년 제8회 삼척 장미축제,자연생태,삼척시,정상동,2025,5,23,2025,6,1,10,"23, 24, 25, 31, 1","142,123"
2026년 제7회 삼척 비치 썸 페스티벌,문화예술,삼척시,갈천동,2025,8,1,2025,8,3,3,"8/1, 2, 3","25,752"
제3회 삼척해(海)랑영화제,문화예술,삼척시,"교동,정라동,성내동",2025,8,30,2025,8,31,2,,"5,600"
2026 삼척동해왕이사부축제,전통역사,삼척시,정라동,2025,9,26,2025,9,28,3,,"51,594"
2026 국가유산 죽서루 야행,전통역사,삼척시,성내동,2025,10,16,2025,10,18,3,,"15,716"
제17회 삼척평생학습박람회 및 제7최 책축제,문화예술,삼척시,성내동,2025,10,25,2025,10,26,2,,"15,000"
2026년 제3회 너와포차거리,지역특산물,삼척시,교동,2025,11,7,2025,11,8,2,,"4,000"
제14회 홍천강 꽁꽁축제,전통역사,홍천군,홍천읍,2025,1,18,2025,2,1,15,,"230,050"
제8회 홍천산나물출제,지역특산물,홍천군,홍천읍,2025,5,3,2025,5,5,3,,"24,654"
제30회 홍천찰옥수수축제,지역특산물,홍천군,홍천읍,2025,7,25,2025,7,27,3,,"26,850"
제10회 홍천강 별빛음악 맥주축제,지역특산물,홍천군,홍천읍,2025,7,31,2025,8,3,4,,"154,147"
제24회 홍천 인삼한우 명품축제,지역특산물,홍천군,홍천읍,2025,10,30,2025,11,2,4,30,"105,717"
제22회 횡성한우축제,지역특산물,횡성군,횡성읍,2025,10,22,2025,10,26,5,"22, 23, 24, 25, 26","300,000"
제15회 둔내고랭지토마토축제,지역특산물,횡성군,둔내면,2025,8,14,2025,8,16,3,"14, 15, 16","51,373"
제13회 횡성더덕축제,지역특산물,횡성군,청일면,2025,9,19,2025,9,21,3,"19, 21","25,030"
제18회 안흥찐빵축제,지역특산물,횡성군,안흥면,2025,11,7,2025,11,9,3,,"53,499"
제7회 횡성호수길축제,주민화합,횡성군,갑천면,2025,5,9,2025,5,11,3,,"12,820"
제4회 소(牛)맥 프리미엄 페스티벌,주민화합,횡성군,공근면,2025,9,5,2025,9,7,3,,"3,589"
제38회 횡성회다지소리 민속문화제,전통역사,횡성군,우천면,2025,4,19,2025,4,20,2,,"3,000"
제59회 단종문화제,전통역사,영월군,영월읍,2025,4,25,2025,4,27,3,,"48,492"
제28회 동강뗏목축제,문화예술,영월군,영월읍,2025,8,1,2025,8,3,3,"1, 2","24,608"
김삿갓문화제,전통역사,영월군,김삿갓면,2025,10,17,2025,10,19,3,,"16,688"
계촌클래식축제,문화예술,평창군,방림면,2025,6,6,2025,6,8,3,,"18,000"
평창더위사냥축제,자연생태,평창군,대화면,2025,8,1,2025,8,10,10,,"35,246"
평창효석문화제,문화예술,평창군,봉평면,2025,9,5,2025,9,14,10,,"195,000"
평창농악축제,전통역사,평창군,용평면,2025,10,24,2025,10,26,3,,"11,500"
평창백일홍축제,자연생태,평창군,평창읍,2025,10,3,2025,10,12,10,,"96,261"
대관령눈꽃축제,자연생태,평창군,대관령면,2025,1,24,2025,2,2,10,,"110,391"
제20회 정선동강할미꽃 축제,자연생태,정선군,정선읍,2025,3,21,2025,3,23,3,,"20,000"
제33회 두위봉 철쭉제 산맥 페스티벌,자연생태,정선군,신동읍,2025,6,13,2025,6,14,2,,"1,000"
제30회 사북읍석탄문화제,주민화합,정선군,사북읍,2025,8,29,2025,8,31,3,,"20,000"
제21회 정선 함백산 야생화축제,자연생태,정선군,고한읍,2025,7,25,2025,8,4,11,,"150,000"
제34회 아우라지 뗏목축제,전통역사,정선군,여량면,2025,8,1,2025,8,2,2,,"32,000"
제51회 정선아리랑제,전통역사,정선군,정선읍,2025,9,25,2025,9,28,4,,"145,364"
정선 사과축제,지역특산물,정선군,임계면,2025,11,8,2025,11,9,2,,"15,000"
DMZ 피스트레인 뮤직페스티벌 2026,문화예술,철원군,동송읍,2025,6,13,2025,6,15,3,,"13,747"
철원 화강 다슬기축제,자연생태,철원군,김화읍,2025,7,31,2025,8,3,4,"31, 1, 2","300,000"
태봉제,전통역사,철원군,갈말읍,2025,9,25,2025,9,27,3,"25, 26","60,000"
철원한탄강얼음트레킹 축제,자연생태,철원군,동송읍,2025,1,11,2025,1,19,9,,"150,000"
제22회 화천토마토축제,지역특산물,화천군,사내면,2025,8,1,2025,8,3,3,,"130,092"
2026 청춘양구 곰취축제,지역특산물,양구군,양구읍,2025,5,3,2025,5,6,4,"5/3, 4, 5","102,115"
2026 국토정중앙 청춘양구 배꼽축제,문화예술,양구군,양구읍,2025,8,29,2025,8,31,3,"30, 31","71,393"
2026 청춘양구 펀치볼 시래기사과축제,지역특산물,양구군,해안면,2025,10,31,2025,11,2,3,,"47,813"
하추리도리깨축제,자연생태,인제군,인제읍,2025,10,25,2025,10,26,2,,920
제12회 곰배령별밤음악축제,문화예술,인제군,기린면,2025,8,15,2025,8,16,2,,800
제2회 기린농협 산나물 직거래 판매행사,지역특산물,인제군,기린면,2025,4,26,2025,4,27,2,,"1,000"
제26회 고성통일명태축제,전통역사,고성군,거진읍,2025,10,17,2025,10,19,3,"17, 18, 19","84,000"
2026 양양 낙산해변 달빛모닥불 축제,주민화합,양양군,강현면,2025,2,14,2025,2,15,2,,"10,000"
