festival_date,dong_name,festival_name,sigungu,festival_type,festival_duration
2023-06-13,근화동,춘천막국수닭갈비축제,춘천시,특산물,6
2023-06-14,근화동,춘천막국수닭갈비축제,춘천시,특산물,6
2023-06-15,근화동,춘천막국수닭갈비축제,춘천시,특산물,6
2023-06-16,근화동,춘천막국수닭갈비축제,춘천시,특산물,6
2023-06-17,근화동,춘천막국수닭갈비축제,춘천시,특산물,6
2023-06-18,근화동,춘천막국수닭갈비축제,춘천시,특산물,6
2023-08-25,효자1동,2024 온세대 합창페스티벌,춘천시,문화예술,1
2023-10-06,강남동,2024 석사천 재즈 페스타,춘천시,문화예술,3
2023-10-07,강남동,2024 석사천 재즈 페스타,춘천시,문화예술,3
2023-10-08,강남동,2024 석사천 재즈 페스타,춘천시,문화예술,3
2023-12-10,효자1동,2024 춘베리아 특급열차,춘천시,문화예술,3
2023-12-11,효자1동,2024 춘베리아 특급열차,춘천시,문화예술,3
2023-12-12,효자1동,2024 춘베리아 특급열차,춘천시,문화예술,3
2023-09-23,소양동,제45회 소양강문화제,춘천시,문화예술,2
2023-09-24,소양동,제45회 소양강문화제,춘천시,문화예술,2
2023-11-11,서면,춘천 토이페스티벌,춘천시,기타,2
2023-11-12,서면,춘천 토이페스티벌,춘천시,기타,2
2023-11-03,지정면,제23회 섬강축제,원주시,생태자연,3
2023-11-04,지정면,제23회 섬강축제,원주시,생태자연,3
2023-11-05,지정면,제23회 섬강축제,원주시,생태자연,3
2023-05-26,단계동,제21회 장미축제,원주시,기타,3
2023-05-27,단계동,제21회 장미축제,원주시,기타,3
2023-05-28,단계동,제21회 장미축제,원주시,기타,3
2023-09-22,명륜1동,2024 원주 댄싱카니발,원주시,문화예술,3
2023-09-23,명륜1동,2024 원주 댄싱카니발,원주시,문화예술,3
2023-09-24,명륜1동,2024 원주 댄싱카니발,원주시,문화예술,3
2023-05-05,무실동,제26회 원주한지문화제,원주시,문화예술,10
2023-05-06,무실동,제26회 원주한지문화제,원주시,문화예술,10
2023-05-07,무실동,제26회 원주한지문화제,원주시,문화예술,10
2023-05-08,무실동,제26회 원주한지문화제,원주시,문화예술,10
2023-05-09,무실동,제26회 원주한지문화제,원주시,문화예술,10
2023-05-10,무실동,제26회 원주한지문화제,원주시,문화예술,10
2023-05-11,무실동,제26회 원주한지문화제,원주시,문화예술,10
2023-05-12,무실동,제26회 원주한지문화제,원주시,문화예술,10
2023-05-13,무실동,제26회 원주한지문화제,원주시,문화예술,10
2023-05-14,무실동,제26회 원주한지문화제,원주시,문화예술,10
2023-08-19,명륜1동,치악산 복숭아 축제,원주시,특산물,2
2023-08-20,명륜1동,치악산 복숭아 축제,원주시,특산물,2
2023-10-21,지정면,치악산 고구마 축제,원주시,특산물,2
2023-10-22,지정면,치악산 고구마 축제,원주시,특산물,2
2023-03-31,경포동,2024 경포 벚꽃 축제,강릉시,자연,6
2023-04-01,경포동,2024 경포 벚꽃 축제,강릉시,자연,6
2023-04-02,경포동,2024 경포 벚꽃 축제,강릉시,자연,6
2023-04-03,경포동,2024 경포 벚꽃 축제,강릉시,자연,6
2023-04-04,경포동,2024 경포 벚꽃 축제,강릉시,자연,6
2023-04-05,경포동,2024 경포 벚꽃 축제,강릉시,자연,6
2023-05-13,경포동,제2회 초당미식로드축제 「초당도시락(樂)」,강릉시,기타,1
2023-06-18,"강남동,중앙동",강릉단오제,강릉시,전통역사,8
2023-06-19,"강남동,중앙동",강릉단오제,강릉시,전통역사,8
2023-06-20,"강남동,중앙동",강릉단오제,강릉시,전통역사,8
2023-06-21,"강남동,중앙동",강릉단오제,강릉시,전통역사,8
2023-06-22,"강남동,중앙동",강릉단오제,강릉시,전통역사,8
2023-06-23,"강남동,중앙동",강릉단오제,강릉시,전통역사,8
2023-06-24,"강남동,중앙동",강릉단오제,강릉시,전통역사,8
2023-06-25,"강남동,중앙동",강릉단오제,강릉시,전통역사,8
2023-06-30,경포동,제3회 강릉 비치비어페스티벌,강릉시,기타,3
2023-07-01,경포동,제3회 강릉 비치비어페스티벌,강릉시,기타,3
2023-07-02,경포동,제3회 강릉 비치비어페스티벌,강릉시,기타,3
2023-07-28,강동면,풍호마을축제,강릉시,기타,3
2023-07-29,강동면,풍호마을축제,강릉시,기타,3
2023-07-30,강동면,풍호마을축제,강릉시,기타,3
2023-07-30,경포동,2024 경포 썸머페스티벌,강릉시,기타,8
2023-07-31,경포동,2024 경포 썸머페스티벌,강릉시,기타,8
2023-08-01,경포동,2024 경포 썸머페스티벌,강릉시,기타,8
2023-08-02,경포동,2024 경포 썸머페스티벌,강릉시,기타,8
2023-08-03,경포동,2024 경포 썸머페스티벌,강릉시,기타,8
2023-08-04,경포동,2024 경포 썸머페스티벌,강릉시,기타,8
2023-08-05,경포동,2024 경포 썸머페스티벌,강릉시,기타,8
2023-08-06,경포동,2024 경포 썸머페스티벌,강릉시,기타,8
2023-07-08,중앙동,강릉문화재야행,강릉시,기타,3
2023-07-09,중앙동,강릉문화재야행,강릉시,기타,3
2023-07-10,중앙동,강릉문화재야행,강릉시,기타,3
2023-09-28,경포동,제2회 경포 등 축제,강릉시,기타,6
2023-09-29,경포동,제2회 경포 등 축제,강릉시,기타,6
2023-09-30,경포동,제2회 경포 등 축제,강릉시,기타,6
2023-10-01,경포동,제2회 경포 등 축제,강릉시,기타,6
2023-10-02,경포동,제2회 경포 등 축제,강릉시,기타,6
2023-10-03,경포동,제2회 경포 등 축제,강릉시,기타,6
2023-10-12,"초당동,경포동",제16회 강릉커피축제,강릉시,기타,4
2023-10-13,"초당동,경포동",제16회 강릉커피축제,강릉시,기타,4
2023-10-14,"초당동,경포동",제16회 강릉커피축제,강릉시,기타,4
2023-10-15,"초당동,경포동",제16회 강릉커피축제,강릉시,기타,4
2023-10-27,중앙동,제3회 강릉 누들축제,강릉시,특산물,3
2023-10-28,중앙동,제3회 강릉 누들축제,강릉시,특산물,3
2023-10-29,중앙동,제3회 강릉 누들축제,강릉시,특산물,3
2023-11-02,중앙동,제3회 강릉와인축제,강릉시,기타,3
2023-11-03,중앙동,제3회 강릉와인축제,강릉시,기타,3
2023-11-04,중앙동,제3회 강릉와인축제,강릉시,기타,3
2023-12-23,옥천동,제4회 강릉크리스마스 겨울축제,강릉시,기타,3
2023-12-24,옥천동,제4회 강릉크리스마스 겨울축제,강릉시,기타,3
2023-12-25,옥천동,제4회 강릉크리스마스 겨울축제,강릉시,기타,3
2022-12-31,"경포동,강동면",2025 해돋이 행사,강릉시,기타,2
2023-01-01,"경포동,강동면",2025 해돋이 행사,강릉시,기타,2
2023-05-05,북평동,동해항 크랩킹페스타,동해시,특산물,3
2023-05-06,북평동,동해항 크랩킹페스타,동해시,특산물,3
2023-05-07,북평동,동해항 크랩킹페스타,동해시,특산물,3
2023-09-08,묵호동,제6회 묵호등대 논골담길 축제,동해시,문화예술,3
2023-09-09,묵호동,제6회 묵호등대 논골담길 축제,동해시,문화예술,3
2023-09-10,묵호동,제6회 묵호등대 논골담길 축제,동해시,문화예술,3
2023-06-09,북삼동,제2회 무릉별유천지 라벤더 축제,동해시,생태자연,3
2023-06-10,북삼동,제2회 무릉별유천지 라벤더 축제,동해시,생태자연,3
2023-06-11,북삼동,제2회 무릉별유천지 라벤더 축제,동해시,생태자연,3
2023-07-21,발한동,묵호도째비페스타,동해시,특산물,3
2023-07-22,발한동,묵호도째비페스타,동해시,특산물,3
2023-07-23,발한동,묵호도째비페스타,동해시,특산물,3
2023-09-22,천곡동,동해무릉제,동해시,주민화합,3
2023-09-23,천곡동,동해무릉제,동해시,주민화합,3
2023-09-24,천곡동,동해무릉제,동해시,주민화합,3
2023-01-27,"문곡소도동, 황지동",제 31회 태백산 눈축제,태백시,생태자연,5
2023-01-28,"문곡소도동, 황지동",제 31회 태백산 눈축제,태백시,생태자연,5
2023-01-29,"문곡소도동, 황지동",제 31회 태백산 눈축제,태백시,생태자연,5
2023-01-30,"문곡소도동, 황지동",제 31회 태백산 눈축제,태백시,생태자연,5
2023-01-31,"문곡소도동, 황지동",제 31회 태백산 눈축제,태백시,생태자연,5
2023-07-28,황지동,한강낙동강발원지 축제,태백시,문화예술,10
2023-07-29,황지동,한강낙동강발원지 축제,태백시,문화예술,10
2023-07-30,황지동,한강낙동강발원지 축제,태백시,문화예술,10
2023-07-31,황지동,한강낙동강발원지 축제,태백시,문화예술,10
2023-08-01,황지동,한강낙동강발원지 축제,태백시,문화예술,10
2023-08-02,황지동,한강낙동강발원지 축제,태백시,문화예술,10
2023-08-03,황지동,한강낙동강발원지 축제,태백시,문화예술,10
2023-08-04,황지동,한강낙동강발원지 축제,태백시,문화예술,10
2023-08-05,황지동,한강낙동강발원지 축제,태백시,문화예술,10
2023-08-06,황지동,한강낙동강발원지 축제,태백시,문화예술,10
2023-10-01,문곡소도동,태백제,태백시,주민화합,3
2023-10-02,문곡소도동,태백제,태백시,주민화합,3
2023-10-03,문곡소도동,태백제,태백시,주민화합,3
2023-04-29,장성동,태백 천상의 산나물축제,태백시,생태자연,3
2023-04-30,장성동,태백 천상의 산나물축제,태백시,생태자연,3
2023-05-01,장성동,태백 천상의 산나물축제,태백시,생태자연,3
2023-04-08,노학동,설악벚꽃축제,속초시,생태자연,1
2023-06-09,"조양동,청호동",2024 실향민문화축제,속초시,문화예술,3
2023-06-10,"조양동,청호동",2024 실향민문화축제,속초시,문화예술,3
2023-06-11,"조양동,청호동",2024 실향민문화축제,속초시,문화예술,3
2023-07-28,조양동,2024 속초썸머페스티벌,속초시,문화예술,9
2023-07-29,조양동,2024 속초썸머페스티벌,속초시,문화예술,9
2023-07-30,조양동,2024 속초썸머페스티벌,속초시,문화예술,9
2023-07-31,조양동,2024 속초썸머페스티벌,속초시,문화예술,9
2023-08-01,조양동,2024 속초썸머페스티벌,속초시,문화예술,9
2023-08-02,조양동,2024 속초썸머페스티벌,속초시,문화예술,9
2023-08-03,조양동,2024 속초썸머페스티벌,속초시,문화예술,9
2023-08-04,조양동,2024 속초썸머페스티벌,속초시,문화예술,9
2023-08-05,조양동,2024 속초썸머페스티벌,속초시,문화예술,9
2023-10-06,조양동,2024 속초음식축제,속초시,특산물,3
2023-10-07,조양동,2024 속초음식축제,속초시,특산물,3
2023-10-08,조양동,2024 속초음식축제,속초시,특산물,3
2023-10-06,"조양동,금호동,교동",제59회 설악문화제,속초시,문화예술,3
2023-10-07,"조양동,금호동,교동",제59회 설악문화제,속초시,문화예술,3
2023-10-08,"조양동,금호동,교동",제59회 설악문화제,속초시,문화예술,3
2023-02-03,"조양동,교동",삼척정월대보름제,삼척시,전통역사,3
2023-02-04,"조양동,교동",삼척정월대보름제,삼척시,전통역사,3
2023-02-05,"조양동,교동",삼척정월대보름제,삼척시,전통역사,3
2023-05-20,성내동,2024 삼척 장미축제,삼척시,생태자연,5
2023-05-21,성내동,2024 삼척 장미축제,삼척시,생태자연,5
2023-05-22,성내동,2024 삼척 장미축제,삼척시,생태자연,5
2023-05-23,성내동,2024 삼척 장미축제,삼척시,생태자연,5
2023-05-24,성내동,2024 삼척 장미축제,삼척시,생태자연,5
2023-10-21,성내동,제15회 삼척평생학습박람회 및 제5회 책축제,삼척시,기타,2
2023-10-22,성내동,제15회 삼척평생학습박람회 및 제5회 책축제,삼척시,기타,2
2023-01-13,홍천읍,제12회 홍천강 꽁꽁축제,홍천군,전통역사,12
2023-01-14,홍천읍,제12회 홍천강 꽁꽁축제,홍천군,전통역사,12
2023-01-15,홍천읍,제12회 홍천강 꽁꽁축제,홍천군,전통역사,12
2023-01-16,홍천읍,제12회 홍천강 꽁꽁축제,홍천군,전통역사,12
2023-01-17,홍천읍,제12회 홍천강 꽁꽁축제,홍천군,전통역사,12
2023-01-18,홍천읍,제12회 홍천강 꽁꽁축제,홍천군,전통역사,12
2023-01-19,홍천읍,제12회 홍천강 꽁꽁축제,홍천군,전통역사,12
2023-01-20,홍천읍,제12회 홍천강 꽁꽁축제,홍천군,전통역사,12
2023-01-21,홍천읍,제12회 홍천강 꽁꽁축제,홍천군,전통역사,12
2023-01-22,홍천읍,제12회 홍천강 꽁꽁축제,홍천군,전통역사,12
2023-01-23,홍천읍,제12회 홍천강 꽁꽁축제,홍천군,전통역사,12
2023-01-24,홍천읍,제12회 홍천강 꽁꽁축제,홍천군,전통역사,12
2023-08-01,홍천읍,제8회 홍천강 별빛음악 맥주축제,홍천군,특산물,6
2023-08-02,홍천읍,제8회 홍천강 별빛음악 맥주축제,홍천군,특산물,6
2023-08-03,홍천읍,제8회 홍천강 별빛음악 맥주축제,홍천군,특산물,6
2023-08-04,홍천읍,제8회 홍천강 별빛음악 맥주축제,홍천군,특산물,6
2023-08-05,홍천읍,제8회 홍천강 별빛음악 맥주축제,홍천군,특산물,6
2023-08-06,홍천읍,제8회 홍천강 별빛음악 맥주축제,홍천군,특산물,6
2023-04-28,홍천읍,제6회 홍천산나물축제,홍천군,특산물,3
2023-04-29,홍천읍,제6회 홍천산나물축제,홍천군,특산물,3
2023-04-30,홍천읍,제6회 홍천산나물축제,홍천군,특산물,3
2023-07-28,홍천읍,제28회 홍천찰옥수수축제,홍천군,특산물,3
2023-07-29,홍천읍,제28회 홍천찰옥수수축제,홍천군,특산물,3
2023-07-30,홍천읍,제28회 홍천찰옥수수축제,홍천군,특산물,3
2023-10-06,홍천읍,제22회 강원홍천 인삼한우 명품축제,홍천군,특산물,4
2023-10-07,홍천읍,제22회 강원홍천 인삼한우 명품축제,홍천군,특산물,4
2023-10-08,홍천읍,제22회 강원홍천 인삼한우 명품축제,홍천군,특산물,4
2023-10-09,홍천읍,제22회 강원홍천 인삼한우 명품축제,홍천군,특산물,4
2023-11-03,홍천읍,제9회 홍천사과축제,홍천군,특산물,3
2023-11-04,홍천읍,제9회 홍천사과축제,홍천군,특산물,3
2023-11-05,홍천읍,제9회 홍천사과축제,홍천군,특산물,3
2023-08-12,둔내면,제13회 둔내고랭지토마토축제,횡성군,특산물,3
2023-08-13,둔내면,제13회 둔내고랭지토마토축제,횡성군,특산물,3
2023-08-14,둔내면,제13회 둔내고랭지토마토축제,횡성군,특산물,3
2023-09-15,청일면,제11회 횡성더덕축제,횡성군,특산물,3
2023-09-16,청일면,제11회 횡성더덕축제,횡성군,특산물,3
2023-09-17,청일면,제11회 횡성더덕축제,횡성군,특산물,3
2023-10-13,안흥면,제16회 안흥찐빵축제,횡성군,특산물,3
2023-10-14,안흥면,제16회 안흥찐빵축제,횡성군,특산물,3
2023-10-15,안흥면,제16회 안흥찐빵축제,횡성군,특산물,3
2023-10-06,횡성읍,제20회 횡성한우축제,횡성군,특산물,5
2023-10-07,횡성읍,제20회 횡성한우축제,횡성군,특산물,5
2023-10-08,횡성읍,제20회 횡성한우축제,횡성군,특산물,5
2023-10-09,횡성읍,제20회 횡성한우축제,횡성군,특산물,5
2023-10-10,횡성읍,제20회 횡성한우축제,횡성군,특산물,5
2023-05-05,갑천면,제5회 횡성호수길축제,횡성군,생태자연,3
2023-05-06,갑천면,제5회 횡성호수길축제,횡성군,생태자연,3
2023-05-07,갑천면,제5회 횡성호수길축제,횡성군,생태자연,3
2023-04-28,우천면,제35회 회다지민속문화제,횡성군,전통역사,3
2023-04-29,우천면,제35회 회다지민속문화제,횡성군,전통역사,3
2023-04-30,우천면,제35회 회다지민속문화제,횡성군,전통역사,3
2023-10-21,강림면,제5회 태종노구문화제,횡성군,전통역사,2
2023-10-22,강림면,제5회 태종노구문화제,횡성군,전통역사,2
2023-08-25,공근면,제2회 소(牛)맥 프리미엄 페스티벌,횡성군,기타,3
2023-08-26,공근면,제2회 소(牛)맥 프리미엄 페스티벌,횡성군,기타,3
2023-08-27,공근면,제2회 소(牛)맥 프리미엄 페스티벌,횡성군,기타,3
2023-04-28,영월읍,단종문화제,영월군,전통역사,3
2023-04-29,영월읍,단종문화제,영월군,전통역사,3
2023-04-30,영월읍,단종문화제,영월군,전통역사,3
2023-07-28,영월읍,동강뗏목축제,영월군,문화예술,3
2023-07-29,영월읍,동강뗏목축제,영월군,문화예술,3
2023-07-30,영월읍,동강뗏목축제,영월군,문화예술,3
2023-09-22,김삿갓면,김삿갓문화제,영월군,전통역사,3
2023-09-23,김삿갓면,김삿갓문화제,영월군,전통역사,3
2023-09-24,김삿갓면,김삿갓문화제,영월군,전통역사,3
2023-01-20,대관령면,제30회 대관령눈꽃축제,평창군,생태자연,10
2023-01-21,대관령면,제30회 대관령눈꽃축제,평창군,생태자연,10
2023-01-22,대관령면,제30회 대관령눈꽃축제,평창군,생태자연,10
2023-01-23,대관령면,제30회 대관령눈꽃축제,평창군,생태자연,10
2023-01-24,대관령면,제30회 대관령눈꽃축제,평창군,생태자연,10
2023-01-25,대관령면,제30회 대관령눈꽃축제,평창군,생태자연,10
2023-01-26,대관령면,제30회 대관령눈꽃축제,평창군,생태자연,10
2023-01-27,대관령면,제30회 대관령눈꽃축제,평창군,생태자연,10
2023-01-28,대관령면,제30회 대관령눈꽃축제,평창군,생태자연,10
2023-01-29,대관령면,제30회 대관령눈꽃축제,평창군,생태자연,10
2023-05-26,방림면,2024 계촌클래식축제,평창군,문화예술,3
2023-05-27,방림면,2024 계촌클래식축제,평창군,문화예술,3
2023-05-28,방림면,2024 계촌클래식축제,평창군,문화예술,3
2023-07-28,대화면,2024 평창더위사냥축제,평창군,생태자연,10
2023-07-29,대화면,2024 평창더위사냥축제,평창군,생태자연,10
2023-07-30,대화면,2024 평창더위사냥축제,평창군,생태자연,10
2023-07-31,대화면,2024 평창더위사냥축제,평창군,생태자연,10
2023-08-01,대화면,2024 평창더위사냥축제,평창군,생태자연,10
2023-08-02,대화면,2024 평창더위사냥축제,평창군,생태자연,10
2023-08-03,대화면,2024 평창더위사냥축제,평창군,생태자연,10
2023-08-04,대화면,2024 평창더위사냥축제,평창군,생태자연,10
2023-08-05,대화면,2024 평창더위사냥축제,평창군,생태자연,10
2023-08-06,대화면,2024 평창더위사냥축제,평창군,생태자연,10
2023-09-08,봉평면,2024 평창효석문화제,평창군,문화예술,10
2023-09-09,봉평면,2024 평창효석문화제,평창군,문화예술,10
2023-09-10,봉평면,2024 평창효석문화제,평창군,문화예술,10
2023-09-11,봉평면,2024 평창효석문화제,평창군,문화예술,10
2023-09-12,봉평면,2024 평창효석문화제,평창군,문화예술,10
2023-09-13,봉평면,2024 평창효석문화제,평창군,문화예술,10
2023-09-14,봉평면,2024 평창효석문화제,평창군,문화예술,10
2023-09-15,봉평면,2024 평창효석문화제,평창군,문화예술,10
2023-09-16,봉평면,2024 평창효석문화제,평창군,문화예술,10
2023-09-17,봉평면,2024 평창효석문화제,평창군,문화예술,10
2023-09-15,용평면,2024 평창농악축제,평창군,전통역사,4
2023-09-16,용평면,2024 평창농악축제,평창군,전통역사,4
2023-09-17,용평면,2024 평창농악축제,평창군,전통역사,4
2023-09-18,용평면,2024 평창농악축제,평창군,전통역사,4
2023-09-22,평창읍,2024 평창백일홍축제,평창군,생태자연,12
2023-09-23,평창읍,2024 평창백일홍축제,평창군,생태자연,12
2023-09-24,평창읍,2024 평창백일홍축제,평창군,생태자연,12
2023-09-25,평창읍,2024 평창백일홍축제,평창군,생태자연,12
2023-09-26,평창읍,2024 평창백일홍축제,평창군,생태자연,12
2023-09-27,평창읍,2024 평창백일홍축제,평창군,생태자연,12
2023-09-28,평창읍,2024 평창백일홍축제,평창군,생태자연,12
2023-09-29,평창읍,2024 평창백일홍축제,평창군,생태자연,12
2023-09-30,평창읍,2024 평창백일홍축제,평창군,생태자연,12
2023-10-01,평창읍,2024 평창백일홍축제,평창군,생태자연,12
2023-10-02,평창읍,2024 평창백일홍축제,평창군,생태자연,12
2023-10-03,평창읍,2024 평창백일홍축제,평창군,생태자연,12
2023-03-31,정선읍,제18회 정선 동강할미꽃 축제,정선군,생태자연,1
2023-07-29,고한읍,함백산야생화축제,정선군,생태자연,9
2023-07-30,고한읍,함백산야생화축제,정선군,생태자연,9
2023-07-31,고한읍,함백산야생화축제,정선군,생태자연,9
2023-08-01,고한읍,함백산야생화축제,정선군,생태자연,9
2023-08-02,고한읍,함백산야생화축제,정선군,생태자연,9
2023-08-03,고한읍,함백산야생화축제,정선군,생태자연,9
2023-08-04,고한읍,함백산야생화축제,정선군,생태자연,9
2023-08-05,고한읍,함백산야생화축제,정선군,생태자연,9
2023-08-06,고한읍,함백산야생화축제,정선군,생태자연,9
2023-08-04,사북읍,제28회 사북석탄문화제,정선군,문화예술,3
2023-08-05,사북읍,제28회 사북석탄문화제,정선군,문화예술,3
2023-08-06,사북읍,제28회 사북석탄문화제,정선군,문화예술,3
2023-05-27,방제리,두위봉 철쭉축제,정선군,생태자연,2
2023-05-28,방제리,두위봉 철쭉축제,정선군,생태자연,2
2023-04-29,화암면,제32회 화암약수제,정선군,기타,2
2023-04-30,화암면,제32회 화암약수제,정선군,기타,2
2023-04-21,북평면,2024 정선토속음식 축제,정선군,기타,3
2023-04-22,북평면,2024 정선토속음식 축제,정선군,기타,3
2023-04-23,북평면,2024 정선토속음식 축제,정선군,기타,3
2023-10-21,북평면,항골 숨바우길 트레킹 대회,정선군,기타,1
2023-09-14,정선읍,제49회 정선아리랑제,정선군,전통역사,4
2023-09-15,정선읍,제49회 정선아리랑제,정선군,전통역사,4
2023-09-16,정선읍,제49회 정선아리랑제,정선군,전통역사,4
2023-09-17,정선읍,제49회 정선아리랑제,정선군,전통역사,4
2023-01-14,동송읍,제13회 철원 한탄강 얼음트레킹 축제,철원군,생태자연,11
2023-01-15,동송읍,제13회 철원 한탄강 얼음트레킹 축제,철원군,생태자연,11
2023-01-16,동송읍,제13회 철원 한탄강 얼음트레킹 축제,철원군,생태자연,11
2023-01-17,동송읍,제13회 철원 한탄강 얼음트레킹 축제,철원군,생태자연,11
2023-01-18,동송읍,제13회 철원 한탄강 얼음트레킹 축제,철원군,생태자연,11
2023-01-19,동송읍,제13회 철원 한탄강 얼음트레킹 축제,철원군,생태자연,11
2023-01-20,동송읍,제13회 철원 한탄강 얼음트레킹 축제,철원군,생태자연,11
2023-01-21,동송읍,제13회 철원 한탄강 얼음트레킹 축제,철원군,생태자연,11
2023-01-22,동송읍,제13회 철원 한탄강 얼음트레킹 축제,철원군,생태자연,11
2023-01-23,동송읍,제13회 철원 한탄강 얼음트레킹 축제,철원군,생태자연,11
2023-01-24,동송읍,제13회 철원 한탄강 얼음트레킹 축제,철원군,생태자연,11
2023-08-03,김화읍,제18회 철원 화강 다슬기 축제,철원군,생태자연,4
2023-08-04,김화읍,제18회 철원 화강 다슬기 축제,철원군,생태자연,4
2023-08-05,김화읍,제18회 철원 화강 다슬기 축제,철원군,생태자연,4
2023-08-06,김화읍,제18회 철원 화강 다슬기 축제,철원군,생태자연,4
2023-10-05,갈말읍,제42회 태봉제,철원군,기타,3
2023-10-06,갈말읍,제42회 태봉제,철원군,기타,3
2023-10-07,갈말읍,제42회 태봉제,철원군,기타,3
2023-01-07,화천읍,제19회 산천어축제,화천군,문화예술,23
2023-01-08,화천읍,제19회 산천어축제,화천군,문화예술,23
2023-01-09,화천읍,제19회 산천어축제,화천군,문화예술,23
2023-01-10,화천읍,제19회 산천어축제,화천군,문화예술,23
2023-01-11,화천읍,제19회 산천어축제,화천군,문화예술,23
2023-01-12,화천읍,제19회 산천어축제,화천군,문화예술,23
2023-01-13,화천읍,제19회 산천어축제,화천군,문화예술,23
2023-01-14,화천읍,제19회 산천어축제,화천군,문화예술,23
2023-01-15,화천읍,제19회 산천어축제,화천군,문화예술,23
2023-01-16,화천읍,제19회 산천어축제,화천군,문화예술,23
2023-01-17,화천읍,제19회 산천어축제,화천군,문화예술,23
2023-01-18,화천읍,제19회 산천어축제,화천군,문화예술,23
2023-01-19,화천읍,제19회 산천어축제,화천군,문화예술,23
2023-01-20,화천읍,제19회 산천어축제,화천군,문화예술,23
2023-01-21,화천읍,제19회 산천어축제,화천군,문화예술,23
2023-01-22,화천읍,제19회 산천어축제,화천군,문화예술,23
2023-01-23,화천읍,제19회 산천어축제,화천군,문화예술,23
2023-01-24,화천읍,제19회 산천어축제,화천군,문화예술,23
2023-01-25,화천읍,제19회 산천어축제,화천군,문화예술,23
2023-01-26,화천읍,제19회 산천어축제,화천군,문화예술,23
2023-01-27,화천읍,제19회 산천어축제,화천군,문화예술,23
2023-01-28,화천읍,제19회 산천어축제,화천군,문화예술,23
2023-01-29,화천읍,제19회 산천어축제,화천군,문화예술,23
2023-08-03,"사내면,사창리",제20회 화천토마토축제,화천군,특산물,4
2023-08-04,"사내면,사창리",제20회 화천토마토축제,화천군,특산물,4
2023-08-05,"사내면,사창리",제20회 화천토마토축제,화천군,특산물,4
2023-08-06,"사내면,사창리",제20회 화천토마토축제,화천군,특산물,4
2023-05-05,양구읍,2024 청춘양구 곰취축제,양구군,특산물,3
2023-05-06,양구읍,2024 청춘양구 곰취축제,양구군,특산물,3
2023-05-07,양구읍,2024 청춘양구 곰취축제,양구군,특산물,3
2023-09-01,양구읍,2024 국토정중앙 청춘양구 배꼽축제,양구군,문화예술,3
2023-09-02,양구읍,2024 국토정중앙 청춘양구 배꼽축제,양구군,문화예술,3
2023-09-03,양구읍,2024 국토정중앙 청춘양구 배꼽축제,양구군,문화예술,3
2023-10-28,해안면,2024 청춘양구 펀치볼 시래기 사과 축제,양구군,특산물,2
2023-10-29,해안면,2024 청춘양구 펀치볼 시래기 사과 축제,양구군,특산물,2
2023-09-29,국토정중앙면,국토정중앙 양구 보름달축제,양구군,문화예술,2
2023-09-30,국토정중앙면,국토정중앙 양구 보름달축제,양구군,문화예술,2
2023-05-27,북면,제24회 용대황태축제,인제군,지역특산물,3
2023-05-28,북면,제24회 용대황태축제,인제군,지역특산물,3
2023-05-29,북면,제24회 용대황태축제,인제군,지역특산물,3
2023-10-13,인제읍,제42회 합강문화제,인제군,문화예술,3
2023-10-14,인제읍,제42회 합강문화제,인제군,문화예술,3
2023-10-15,인제읍,제42회 합강문화제,인제군,문화예술,3
2023-10-06,토성면,2024 봉포리 죽도 하트썸 축제,고성군,기타,3
2023-10-07,토성면,2024 봉포리 죽도 하트썸 축제,고성군,기타,3
2023-10-08,토성면,2024 봉포리 죽도 하트썸 축제,고성군,기타,3
2023-08-19,죽왕면,해안선 레저스포츠 페스티벌,고성군,기타,2
2023-08-20,죽왕면,해안선 레저스포츠 페스티벌,고성군,기타,2
2023-09-22,간성읍,제42회 군민의 날 및 수성문화제,고성군,전통역사,3
2023-09-23,간성읍,제42회 군민의 날 및 수성문화제,고성군,전통역사,3
2023-09-24,간성읍,제42회 군민의 날 및 수성문화제,고성군,전통역사,3
2023-10-26,거진읍,제24회 고성통일명태축제,고성군,전통역사,4
2023-10-27,거진읍,제24회 고성통일명태축제,고성군,전통역사,4
2023-10-28,거진읍,제24회 고성통일명태축제,고성군,전통역사,4
2023-10-29,거진읍,제24회 고성통일명태축제,고성군,전통역사,4
2023-03-03,양양읍,아기연어 보내기 체험행사,양양군,생태자연,3
2023-03-04,양양읍,아기연어 보내기 체험행사,양양군,생태자연,3
2023-03-05,양양읍,아기연어 보내기 체험행사,양양군,생태자연,3
2023-10-04,양양읍,양양송이연어축제,양양군,"특산물, 생태자연",5
2023-10-05,양양읍,양양송이연어축제,양양군,"특산물, 생태자연",5
2023-10-06,양양읍,양양송이연어축제,양양군,"특산물, 생태자연",5
2023-10-07,양양읍,양양송이연어축제,양양군,"특산물, 생태자연",5
2023-10-08,양양읍,양양송이연어축제,양양군,"특산물, 생태자연",5
2024-06-18,강남동,춘천막국수닭갈비축제,춘천시,지역특산물,6
2024-06-19,강남동,춘천막국수닭갈비축제,춘천시,지역특산물,6
2024-06-20,강남동,춘천막국수닭갈비축제,춘천시,지역특산물,6
2024-06-21,강남동,춘천막국수닭갈비축제,춘천시,지역특산물,6
2024-06-22,강남동,춘천막국수닭갈비축제,춘천시,지역특산물,6
2024-06-23,강남동,춘천막국수닭갈비축제,춘천시,지역특산물,6
2024-10-04,명륜1동,2025 댄싱카니발,원주시,문화예술,3
2024-10-05,명륜1동,2025 댄싱카니발,원주시,문화예술,3
2024-10-06,명륜1동,2025 댄싱카니발,원주시,문화예술,3
2024-09-20,무실동,원주 한지문화제,원주시,문화예술,10
2024-09-21,무실동,원주 한지문화제,원주시,문화예술,10
2024-09-22,무실동,원주 한지문화제,원주시,문화예술,10
2024-09-23,무실동,원주 한지문화제,원주시,문화예술,10
2024-09-24,무실동,원주 한지문화제,원주시,문화예술,10
2024-09-25,무실동,원주 한지문화제,원주시,문화예술,10
2024-09-26,무실동,원주 한지문화제,원주시,문화예술,10
2024-09-27,무실동,원주 한지문화제,원주시,문화예술,10
2024-09-28,무실동,원주 한지문화제,원주시,문화예술,10
2024-09-29,무실동,원주 한지문화제,원주시,문화예술,10
2024-05-17,판부면,용수골꽃양귀비축제,원주시,문화예술,21
2024-05-18,판부면,용수골꽃양귀비축제,원주시,문화예술,21
2024-05-19,판부면,용수골꽃양귀비축제,원주시,문화예술,21
2024-05-20,판부면,용수골꽃양귀비축제,원주시,문화예술,21
2024-05-21,판부면,용수골꽃양귀비축제,원주시,문화예술,21
2024-05-22,판부면,용수골꽃양귀비축제,원주시,문화예술,21
2024-05-23,판부면,용수골꽃양귀비축제,원주시,문화예술,21
2024-05-24,판부면,용수골꽃양귀비축제,원주시,문화예술,21
2024-05-25,판부면,용수골꽃양귀비축제,원주시,문화예술,21
2024-05-26,판부면,용수골꽃양귀비축제,원주시,문화예술,21
2024-05-27,판부면,용수골꽃양귀비축제,원주시,문화예술,21
2024-05-28,판부면,용수골꽃양귀비축제,원주시,문화예술,21
2024-05-29,판부면,용수골꽃양귀비축제,원주시,문화예술,21
2024-05-30,판부면,용수골꽃양귀비축제,원주시,문화예술,21
2024-05-31,판부면,용수골꽃양귀비축제,원주시,문화예술,21
2024-06-01,판부면,용수골꽃양귀비축제,원주시,문화예술,21
2024-06-02,판부면,용수골꽃양귀비축제,원주시,문화예술,21
2024-06-03,판부면,용수골꽃양귀비축제,원주시,문화예술,21
2024-06-04,판부면,용수골꽃양귀비축제,원주시,문화예술,21
2024-06-05,판부면,용수골꽃양귀비축제,원주시,문화예술,21
2024-06-06,판부면,용수골꽃양귀비축제,원주시,문화예술,21
2024-05-29,단계동,장미축제,원주시,문화예술,5
2024-05-30,단계동,장미축제,원주시,문화예술,5
2024-05-31,단계동,장미축제,원주시,문화예술,5
2024-06-01,단계동,장미축제,원주시,문화예술,5
2024-06-02,단계동,장미축제,원주시,문화예술,5
2024-09-06,지정면,섬강축제,원주시,문화예술,3
2024-09-07,지정면,섬강축제,원주시,문화예술,3
2024-09-08,지정면,섬강축제,원주시,문화예술,3
2024-09-07,부론면,남한강 코스모스 축제,원주시,문화예술,1
2024-06-21,행구동,신월랑 달빛 축제,원주시,문화예술,3
2024-06-22,행구동,신월랑 달빛 축제,원주시,문화예술,3
2024-06-23,행구동,신월랑 달빛 축제,원주시,문화예술,3
2024-06-13,"명륜1동,명륜2동",제11회 치악산한우 축제,원주시,지역특산물,3
2024-06-14,"명륜1동,명륜2동",제11회 치악산한우 축제,원주시,지역특산물,3
2024-06-15,"명륜1동,명륜2동",제11회 치악산한우 축제,원주시,지역특산물,3
2024-08-17,명륜1동,제24회 치악산 복숭아 축제,원주시,지역특산물,2
2024-08-18,명륜1동,제24회 치악산 복숭아 축제,원주시,지역특산물,2
2024-10-19,지정면,제4회 치악산 고구마 축제,원주시,지역특산물,2
2024-10-20,지정면,제4회 치악산 고구마 축제,원주시,지역특산물,2
2024-10-26,명륜1동,제31회 국제걷기대회,원주시,문화예술,2
2024-10-27,명륜1동,제31회 국제걷기대회,원주시,문화예술,2
2024-10-25,중앙동,2025 원주만두축제,원주시,지역특산물,3
2024-10-26,중앙동,2025 원주만두축제,원주시,지역특산물,3
2024-10-27,중앙동,2025 원주만두축제,원주시,지역특산물,3
2024-09-04,중앙동,원주문화의거리 치맥축제,원주시,주민화합,4
2024-09-05,중앙동,원주문화의거리 치맥축제,원주시,주민화합,4
2024-09-06,중앙동,원주문화의거리 치맥축제,원주시,주민화합,4
2024-09-07,중앙동,원주문화의거리 치맥축제,원주시,주민화합,4
2024-04-05,경포동,경포 벚꽃 축제,강릉시,자연생태,6
2024-04-06,경포동,경포 벚꽃 축제,강릉시,자연생태,6
2024-04-07,경포동,경포 벚꽃 축제,강릉시,자연생태,6
2024-04-08,경포동,경포 벚꽃 축제,강릉시,자연생태,6
2024-04-09,경포동,경포 벚꽃 축제,강릉시,자연생태,6
2024-04-10,경포동,경포 벚꽃 축제,강릉시,자연생태,6
2024-03-29,강남동,남산 벚꽃 축제,강릉시,자연생태,6
2024-03-30,강남동,남산 벚꽃 축제,강릉시,자연생태,6
2024-03-31,강남동,남산 벚꽃 축제,강릉시,자연생태,6
2024-04-01,강남동,남산 벚꽃 축제,강릉시,자연생태,6
2024-04-02,강남동,남산 벚꽃 축제,강릉시,자연생태,6
2024-04-03,강남동,남산 벚꽃 축제,강릉시,자연생태,6
2024-04-27,초당동,난설헌문화제,강릉시,문화예술,2
2024-04-28,초당동,난설헌문화제,강릉시,문화예술,2
2024-05-18,초당동,초당 미식로드 축제,강릉시,지역특산물,1
2024-05-24,경포동,강릉 차문화 축제,강릉시,문화예술,3
2024-05-25,경포동,강릉 차문화 축제,강릉시,문화예술,3
2024-05-26,경포동,강릉 차문화 축제,강릉시,문화예술,3
2024-06-06,중앙동,2025 강릉단오제,강릉시,전통역사,8
2024-06-07,중앙동,2025 강릉단오제,강릉시,전통역사,8
2024-06-08,중앙동,2025 강릉단오제,강릉시,전통역사,8
2024-06-09,중앙동,2025 강릉단오제,강릉시,전통역사,8
2024-06-10,중앙동,2025 강릉단오제,강릉시,전통역사,8
2024-06-11,중앙동,2025 강릉단오제,강릉시,전통역사,8
2024-06-12,중앙동,2025 강릉단오제,강릉시,전통역사,8
2024-06-13,중앙동,2025 강릉단오제,강릉시,전통역사,8
2024-06-28,초당동,강릉 비치비어 페스티벌,강릉시,문화예술,3
2024-06-29,초당동,강릉 비치비어 페스티벌,강릉시,문화예술,3
2024-06-30,초당동,강릉 비치비어 페스티벌,강릉시,문화예술,3
2024-07-30,초당동,경포 썸머 페스티벌,강릉시,문화예술,7
2024-07-31,초당동,경포 썸머 페스티벌,강릉시,문화예술,7
2024-08-01,초당동,경포 썸머 페스티벌,강릉시,문화예술,7
2024-08-02,초당동,경포 썸머 페스티벌,강릉시,문화예술,7
2024-08-03,초당동,경포 썸머 페스티벌,강릉시,문화예술,7
2024-08-04,초당동,경포 썸머 페스티벌,강릉시,문화예술,7
2024-08-05,초당동,경포 썸머 페스티벌,강릉시,문화예술,7
2024-08-15,중앙동,강릉 국가유산 야행,강릉시,전통역사,3
2024-08-16,중앙동,강릉 국가유산 야행,강릉시,전통역사,3
2024-08-17,중앙동,강릉 국가유산 야행,강릉시,전통역사,3
2024-09-14,경포동,경포 등 축제,강릉시,전통역사,5
2024-09-15,경포동,경포 등 축제,강릉시,전통역사,5
2024-09-16,경포동,경포 등 축제,강릉시,전통역사,5
2024-09-17,경포동,경포 등 축제,강릉시,전통역사,5
2024-09-18,경포동,경포 등 축제,강릉시,전통역사,5
2024-10-18,중앙동,제4회 강릉 누들 축제,강릉시,지역특산물,3
2024-10-19,중앙동,제4회 강릉 누들 축제,강릉시,지역특산물,3
2024-10-20,중앙동,제4회 강릉 누들 축제,강릉시,지역특산물,3
2024-10-24,송정동,제 17회 강릉커피축제,강릉시,주민화합,4
2024-10-25,송정동,제 17회 강릉커피축제,강릉시,주민화합,4
2024-10-26,송정동,제 17회 강릉커피축제,강릉시,주민화합,4
2024-10-27,송정동,제 17회 강릉커피축제,강릉시,주민화합,4
2024-12-21,중앙동,2025 강릉크리스마스 겨울축제,강릉시,주민화합,5
2024-12-22,중앙동,2025 강릉크리스마스 겨울축제,강릉시,주민화합,5
2024-12-23,중앙동,2025 강릉크리스마스 겨울축제,강릉시,주민화합,5
2024-12-24,중앙동,2025 강릉크리스마스 겨울축제,강릉시,주민화합,5
2024-12-25,중앙동,2025 강릉크리스마스 겨울축제,강릉시,주민화합,5
2024-04-26,북평동,제12회 전천축제,동해시,문화예술,3
2024-04-27,북평동,제12회 전천축제,동해시,문화예술,3
2024-04-28,북평동,제12회 전천축제,동해시,문화예술,3
2024-06-08,삼화동,2025 무릉별유천지 라벤더축제,동해시,자연생태,16
2024-06-09,삼화동,2025 무릉별유천지 라벤더축제,동해시,자연생태,16
2024-06-10,삼화동,2025 무릉별유천지 라벤더축제,동해시,자연생태,16
2024-06-11,삼화동,2025 무릉별유천지 라벤더축제,동해시,자연생태,16
2024-06-12,삼화동,2025 무릉별유천지 라벤더축제,동해시,자연생태,16
2024-06-13,삼화동,2025 무릉별유천지 라벤더축제,동해시,자연생태,16
2024-06-14,삼화동,2025 무릉별유천지 라벤더축제,동해시,자연생태,16
2024-06-15,삼화동,2025 무릉별유천지 라벤더축제,동해시,자연생태,16
2024-06-16,삼화동,2025 무릉별유천지 라벤더축제,동해시,자연생태,16
2024-06-17,삼화동,2025 무릉별유천지 라벤더축제,동해시,자연생태,16
2024-06-18,삼화동,2025 무릉별유천지 라벤더축제,동해시,자연생태,16
2024-06-19,삼화동,2025 무릉별유천지 라벤더축제,동해시,자연생태,16
2024-06-20,삼화동,2025 무릉별유천지 라벤더축제,동해시,자연생태,16
2024-06-21,삼화동,2025 무릉별유천지 라벤더축제,동해시,자연생태,16
2024-06-22,삼화동,2025 무릉별유천지 라벤더축제,동해시,자연생태,16
2024-06-23,삼화동,2025 무릉별유천지 라벤더축제,동해시,자연생태,16
2024-07-19,묵호동,2025 묵호 도째비 페스타,동해시,주민화합,3
2024-07-20,묵호동,2025 묵호 도째비 페스타,동해시,주민화합,3
2024-07-21,묵호동,2025 묵호 도째비 페스타,동해시,주민화합,3
2024-08-30,묵호동,제7회 묵호등대 논골담길 축제,동해시,문화예술,2
2024-10-19,발한동,제3회 발한칼국수 축제,동해시,문화예술,2
2024-10-20,발한동,제3회 발한칼국수 축제,동해시,문화예술,2
2024-01-26,"문곡소도동,상장동",제32회 태백산 눈축제,태백시,문화예술,10
2024-01-27,"문곡소도동,상장동",제32회 태백산 눈축제,태백시,문화예술,10
2024-01-28,"문곡소도동,상장동",제32회 태백산 눈축제,태백시,문화예술,10
2024-01-29,"문곡소도동,상장동",제32회 태백산 눈축제,태백시,문화예술,10
2024-01-30,"문곡소도동,상장동",제32회 태백산 눈축제,태백시,문화예술,10
2024-01-31,"문곡소도동,상장동",제32회 태백산 눈축제,태백시,문화예술,10
2024-02-01,"문곡소도동,상장동",제32회 태백산 눈축제,태백시,문화예술,10
2024-02-02,"문곡소도동,상장동",제32회 태백산 눈축제,태백시,문화예술,10
2024-02-03,"문곡소도동,상장동",제32회 태백산 눈축제,태백시,문화예술,10
2024-02-04,"문곡소도동,상장동",제32회 태백산 눈축제,태백시,문화예술,10
2024-07-27,상장동,제10회 한강낙동강발원지 축제,태백시,문화예술,9
2024-07-28,상장동,제10회 한강낙동강발원지 축제,태백시,문화예술,9
2024-07-29,상장동,제10회 한강낙동강발원지 축제,태백시,문화예술,9
2024-07-30,상장동,제10회 한강낙동강발원지 축제,태백시,문화예술,9
2024-07-31,상장동,제10회 한강낙동강발원지 축제,태백시,문화예술,9
2024-08-01,상장동,제10회 한강낙동강발원지 축제,태백시,문화예술,9
2024-08-02,상장동,제10회 한강낙동강발원지 축제,태백시,문화예술,9
2024-08-03,상장동,제10회 한강낙동강발원지 축제,태백시,문화예술,9
2024-08-04,상장동,제10회 한강낙동강발원지 축제,태백시,문화예술,9
2024-03-30,금호동,2025 영랑호 벚꽃축제,속초시,자연생태,2
2024-03-31,금호동,2025 영랑호 벚꽃축제,속초시,자연생태,2
2024-06-07,조양동,2025 설악무산문화축전,속초시,문화예술,3
2024-06-08,조양동,2025 설악무산문화축전,속초시,문화예술,3
2024-06-09,조양동,2025 설악무산문화축전,속초시,문화예술,3
2024-06-14,조양동,2025 실향민 문화축제,속초시,문화예술,3
2024-06-15,조양동,2025 실향민 문화축제,속초시,문화예술,3
2024-06-16,조양동,2025 실향민 문화축제,속초시,문화예술,3
2024-08-09,조양동,2025 속초썸머페스티벌,속초시,문화예술,3
2024-08-10,조양동,2025 속초썸머페스티벌,속초시,문화예술,3
2024-08-11,조양동,2025 속초썸머페스티벌,속초시,문화예술,3
2024-10-04,"조앙동,금호동",제60회 설악문화제,속초시,기타,3
2024-10-05,"조앙동,금호동",제60회 설악문화제,속초시,기타,3
2024-10-06,"조앙동,금호동",제60회 설악문화제,속초시,기타,3
2024-02-23,"성내동,교동",삼척정원대보름제,삼척시,전통역사,3
2024-02-24,"성내동,교동",삼척정원대보름제,삼척시,전통역사,3
2024-02-25,"성내동,교동",삼척정원대보름제,삼척시,전통역사,3
2024-03-29,근덕면,제21회 삼척맹방유채꽃축제,삼척시,자연생태,17
2024-03-30,근덕면,제21회 삼척맹방유채꽃축제,삼척시,자연생태,17
2024-03-31,근덕면,제21회 삼척맹방유채꽃축제,삼척시,자연생태,17
2024-04-01,근덕면,제21회 삼척맹방유채꽃축제,삼척시,자연생태,17
2024-04-02,근덕면,제21회 삼척맹방유채꽃축제,삼척시,자연생태,17
2024-04-03,근덕면,제21회 삼척맹방유채꽃축제,삼척시,자연생태,17
2024-04-04,근덕면,제21회 삼척맹방유채꽃축제,삼척시,자연생태,17
2024-04-05,근덕면,제21회 삼척맹방유채꽃축제,삼척시,자연생태,17
2024-04-06,근덕면,제21회 삼척맹방유채꽃축제,삼척시,자연생태,17
2024-04-07,근덕면,제21회 삼척맹방유채꽃축제,삼척시,자연생태,17
2024-04-08,근덕면,제21회 삼척맹방유채꽃축제,삼척시,자연생태,17
2024-04-09,근덕면,제21회 삼척맹방유채꽃축제,삼척시,자연생태,17
2024-04-10,근덕면,제21회 삼척맹방유채꽃축제,삼척시,자연생태,17
2024-04-11,근덕면,제21회 삼척맹방유채꽃축제,삼척시,자연생태,17
2024-04-12,근덕면,제21회 삼척맹방유채꽃축제,삼척시,자연생태,17
2024-04-13,근덕면,제21회 삼척맹방유채꽃축제,삼척시,자연생태,17
2024-04-14,근덕면,제21회 삼척맹방유채꽃축제,삼척시,자연생태,17
2024-05-18,정라동,삼척 장미축제,삼척시,자연생태,5
2024-05-19,정라동,삼척 장미축제,삼척시,자연생태,5
2024-05-20,정라동,삼척 장미축제,삼척시,자연생태,5
2024-05-21,정라동,삼척 장미축제,삼척시,자연생태,5
2024-05-22,정라동,삼척 장미축제,삼척시,자연생태,5
2024-07-20,성내동,삼척동해왕이사부축제,삼척시,전통역사,2
2024-07-21,성내동,삼척동해왕이사부축제,삼척시,전통역사,2
2024-10-19,성내동,"제16회 삼척평생학습박람회 및 
제6회 책축제",삼척시,문화예술,2
2024-10-20,성내동,"제16회 삼척평생학습박람회 및 
제6회 책축제",삼척시,문화예술,2
2024-10-25,성내동,2025 삼척 문화유산 야행,삼척시,전통역사,3
2024-10-26,성내동,2025 삼척 문화유산 야행,삼척시,전통역사,3
2024-10-27,성내동,2025 삼척 문화유산 야행,삼척시,전통역사,3
2024-01-05,홍천읍,제13회 홍천강 꽁꽁축제,홍천군,전통역사,17
2024-01-06,홍천읍,제13회 홍천강 꽁꽁축제,홍천군,전통역사,17
2024-01-07,홍천읍,제13회 홍천강 꽁꽁축제,홍천군,전통역사,17
2024-01-08,홍천읍,제13회 홍천강 꽁꽁축제,홍천군,전통역사,17
2024-01-09,홍천읍,제13회 홍천강 꽁꽁축제,홍천군,전통역사,17
2024-01-10,홍천읍,제13회 홍천강 꽁꽁축제,홍천군,전통역사,17
2024-01-11,홍천읍,제13회 홍천강 꽁꽁축제,홍천군,전통역사,17
2024-01-12,홍천읍,제13회 홍천강 꽁꽁축제,홍천군,전통역사,17
2024-01-13,홍천읍,제13회 홍천강 꽁꽁축제,홍천군,전통역사,17
2024-01-14,홍천읍,제13회 홍천강 꽁꽁축제,홍천군,전통역사,17
2024-01-15,홍천읍,제13회 홍천강 꽁꽁축제,홍천군,전통역사,17
2024-01-16,홍천읍,제13회 홍천강 꽁꽁축제,홍천군,전통역사,17
2024-01-17,홍천읍,제13회 홍천강 꽁꽁축제,홍천군,전통역사,17
2024-01-18,홍천읍,제13회 홍천강 꽁꽁축제,홍천군,전통역사,17
2024-01-19,홍천읍,제13회 홍천강 꽁꽁축제,홍천군,전통역사,17
2024-01-20,홍천읍,제13회 홍천강 꽁꽁축제,홍천군,전통역사,17
2024-01-21,홍천읍,제13회 홍천강 꽁꽁축제,홍천군,전통역사,17
2024-04-26,홍천읍,제7회 홍천산나물축제,홍천군,지역특산물,3
2024-04-27,홍천읍,제7회 홍천산나물축제,홍천군,지역특산물,3
2024-04-28,홍천읍,제7회 홍천산나물축제,홍천군,지역특산물,3
2024-07-19,홍천읍,제29회 홍천찰옥수수축제,홍천군,지역특산물,3
2024-07-20,홍천읍,제29회 홍천찰옥수수축제,홍천군,지역특산물,3
2024-07-21,홍천읍,제29회 홍천찰옥수수축제,홍천군,지역특산물,3
2024-07-31,홍천읍,제9회 홍천강 별빛음악 맥주축제,홍천군,지역특산물,5
2024-08-01,홍천읍,제9회 홍천강 별빛음악 맥주축제,홍천군,지역특산물,5
2024-08-02,홍천읍,제9회 홍천강 별빛음악 맥주축제,홍천군,지역특산물,5
2024-08-03,홍천읍,제9회 홍천강 별빛음악 맥주축제,홍천군,지역특산물,5
2024-08-04,홍천읍,제9회 홍천강 별빛음악 맥주축제,홍천군,지역특산물,5
2024-10-03,홍천읍,제23회 홍천 인삼한우 명품축제,홍천군,지역특산물,4
2024-10-04,홍천읍,제23회 홍천 인삼한우 명품축제,홍천군,지역특산물,4
2024-10-05,홍천읍,제23회 홍천 인삼한우 명품축제,홍천군,지역특산물,4
2024-10-06,홍천읍,제23회 홍천 인삼한우 명품축제,홍천군,지역특산물,4
2024-11-01,홍천읍,제10회 홍천사과축제,홍천군,지역특산물,3
2024-11-02,홍천읍,제10회 홍천사과축제,홍천군,지역특산물,3
2024-11-03,홍천읍,제10회 홍천사과축제,홍천군,지역특산물,3
2024-10-02,횡성읍,제21회 횡성한우축제,횡성군,지역특산물,5
2024-10-03,횡성읍,제21회 횡성한우축제,횡성군,지역특산물,5
2024-10-04,횡성읍,제21회 횡성한우축제,횡성군,지역특산물,5
2024-10-05,횡성읍,제21회 횡성한우축제,횡성군,지역특산물,5
2024-10-06,횡성읍,제21회 횡성한우축제,횡성군,지역특산물,5
2024-08-09,둔내면,제14회 둔내고랭지토마토축제,횡성군,지역특산물,3
2024-08-10,둔내면,제14회 둔내고랭지토마토축제,횡성군,지역특산물,3
2024-08-11,둔내면,제14회 둔내고랭지토마토축제,횡성군,지역특산물,3
2024-09-06,청일면,제12회 횡성더덕축제,횡성군,지역특산물,3
2024-09-07,청일면,제12회 횡성더덕축제,횡성군,지역특산물,3
2024-09-08,청일면,제12회 횡성더덕축제,횡성군,지역특산물,3
2024-10-11,안흥면,제17회 안흥찐빵축제,횡성군,지역특산물,3
2024-10-12,안흥면,제17회 안흥찐빵축제,횡성군,지역특산물,3
2024-10-13,안흥면,제17회 안흥찐빵축제,횡성군,지역특산물,3
2024-05-10,갑천면,제6회 횡성호수길축제,횡성군,주민화합,3
2024-05-11,갑천면,제6회 횡성호수길축제,횡성군,주민화합,3
2024-05-12,갑천면,제6회 횡성호수길축제,횡성군,주민화합,3
2024-08-23,공근면,제3회 소(牛)맥 프리미엄 페스티벌,횡성군,주민화합,3
2024-08-24,공근면,제3회 소(牛)맥 프리미엄 페스티벌,횡성군,주민화합,3
2024-08-25,공근면,제3회 소(牛)맥 프리미엄 페스티벌,횡성군,주민화합,3
2024-09-28,강림면,제4회 태종노구문화제,횡성군,전통역사,2
2024-09-29,강림면,제4회 태종노구문화제,횡성군,전통역사,2
2024-04-26,영월읍,단종문화제,영월군,전통역사,3
2024-04-27,영월읍,단종문화제,영월군,전통역사,3
2024-04-28,영월읍,단종문화제,영월군,전통역사,3
2024-08-02,영월읍,동강뗏목축제,영월군,문화예술,3
2024-08-03,영월읍,동강뗏목축제,영월군,문화예술,3
2024-08-04,영월읍,동강뗏목축제,영월군,문화예술,3
2024-10-11,김삿갓면,김삿갓문화제,영월군,전통역사,3
2024-10-12,김삿갓면,김삿갓문화제,영월군,전통역사,3
2024-10-13,김삿갓면,김삿갓문화제,영월군,전통역사,3
2024-07-26,대화면,2025년 평창더위사냥축제,평창군,자연생태,10
2024-07-27,대화면,2025년 평창더위사냥축제,평창군,자연생태,10
2024-07-28,대화면,2025년 평창더위사냥축제,평창군,자연생태,10
2024-07-29,대화면,2025년 평창더위사냥축제,평창군,자연생태,10
2024-07-30,대화면,2025년 평창더위사냥축제,평창군,자연생태,10
2024-07-31,대화면,2025년 평창더위사냥축제,평창군,자연생태,10
2024-08-01,대화면,2025년 평창더위사냥축제,평창군,자연생태,10
2024-08-02,대화면,2025년 평창더위사냥축제,평창군,자연생태,10
2024-08-03,대화면,2025년 평창더위사냥축제,평창군,자연생태,10
2024-08-04,대화면,2025년 평창더위사냥축제,평창군,자연생태,10
2024-09-06,봉평면,2025년 평창효석문화제,평창군,지역특산물,10
2024-09-07,봉평면,2025년 평창효석문화제,평창군,지역특산물,10
2024-09-08,봉평면,2025년 평창효석문화제,평창군,지역특산물,10
2024-09-09,봉평면,2025년 평창효석문화제,평창군,지역특산물,10
2024-09-10,봉평면,2025년 평창효석문화제,평창군,지역특산물,10
2024-09-11,봉평면,2025년 평창효석문화제,평창군,지역특산물,10
2024-09-12,봉평면,2025년 평창효석문화제,평창군,지역특산물,10
2024-09-13,봉평면,2025년 평창효석문화제,평창군,지역특산물,10
2024-09-14,봉평면,2025년 평창효석문화제,평창군,지역특산물,10
2024-09-15,봉평면,2025년 평창효석문화제,평창군,지역특산물,10
2024-09-13,용평면,2025년 평창농악축제,평창군,전통역사,4
2024-09-14,용평면,2025년 평창농악축제,평창군,전통역사,4
2024-09-15,용평면,2025년 평창농악축제,평창군,전통역사,4
2024-09-16,용평면,2025년 평창농악축제,평창군,전통역사,4
2024-09-13,평창읍,2025년 평창백일홍축제,평창군,자연생태,10
2024-09-14,평창읍,2025년 평창백일홍축제,평창군,자연생태,10
2024-09-15,평창읍,2025년 평창백일홍축제,평창군,자연생태,10
2024-09-16,평창읍,2025년 평창백일홍축제,평창군,자연생태,10
2024-09-17,평창읍,2025년 평창백일홍축제,평창군,자연생태,10
2024-09-18,평창읍,2025년 평창백일홍축제,평창군,자연생태,10
2024-09-19,평창읍,2025년 평창백일홍축제,평창군,자연생태,10
2024-09-20,평창읍,2025년 평창백일홍축제,평창군,자연생태,10
2024-09-21,평창읍,2025년 평창백일홍축제,평창군,자연생태,10
2024-09-22,평창읍,2025년 평창백일홍축제,평창군,자연생태,10
2024-01-27,대관령면,2025년 대관령눈꽃축제,평창군,자연생태,16
2024-01-28,대관령면,2025년 대관령눈꽃축제,평창군,자연생태,16
2024-01-29,대관령면,2025년 대관령눈꽃축제,평창군,자연생태,16
2024-01-30,대관령면,2025년 대관령눈꽃축제,평창군,자연생태,16
2024-01-31,대관령면,2025년 대관령눈꽃축제,평창군,자연생태,16
2024-02-01,대관령면,2025년 대관령눈꽃축제,평창군,자연생태,16
2024-02-02,대관령면,2025년 대관령눈꽃축제,평창군,자연생태,16
2024-02-03,대관령면,2025년 대관령눈꽃축제,평창군,자연생태,16
2024-02-04,대관령면,2025년 대관령눈꽃축제,평창군,자연생태,16
2024-02-05,대관령면,2025년 대관령눈꽃축제,평창군,자연생태,16
2024-02-06,대관령면,2025년 대관령눈꽃축제,평창군,자연생태,16
2024-02-07,대관령면,2025년 대관령눈꽃축제,평창군,자연생태,16
2024-02-08,대관령면,2025년 대관령눈꽃축제,평창군,자연생태,16
2024-02-09,대관령면,2025년 대관령눈꽃축제,평창군,자연생태,16
2024-02-10,대관령면,2025년 대관령눈꽃축제,평창군,자연생태,16
2024-02-11,대관령면,2025년 대관령눈꽃축제,평창군,자연생태,16
2024-03-22,정선읍,정선동강할미꽃축제,정선군,자연생태,3
2024-03-23,정선읍,정선동강할미꽃축제,정선군,자연생태,3
2024-03-24,정선읍,정선동강할미꽃축제,정선군,자연생태,3
2024-04-19,북평면,로컬푸드축제,정선군,지역특산물,3
2024-04-20,북평면,로컬푸드축제,정선군,지역특산물,3
2024-04-21,북평면,로컬푸드축제,정선군,지역특산물,3
2024-06-08,신동읍,두위봉철쭉축제,정선군,자연생태,1
2024-07-27,고한읍,정선 함백산 야생화축제,정선군,자연생태,9
2024-07-28,고한읍,정선 함백산 야생화축제,정선군,자연생태,9
2024-07-29,고한읍,정선 함백산 야생화축제,정선군,자연생태,9
2024-07-30,고한읍,정선 함백산 야생화축제,정선군,자연생태,9
2024-07-31,고한읍,정선 함백산 야생화축제,정선군,자연생태,9
2024-08-01,고한읍,정선 함백산 야생화축제,정선군,자연생태,9
2024-08-02,고한읍,정선 함백산 야생화축제,정선군,자연생태,9
2024-08-03,고한읍,정선 함백산 야생화축제,정선군,자연생태,9
2024-08-04,고한읍,정선 함백산 야생화축제,정선군,자연생태,9
2024-07-26,여량면,아우라지 뗏목축제,정선군,전통역사,2
2024-07-27,여량면,아우라지 뗏목축제,정선군,전통역사,2
2024-08-02,사북읍,사북석탄문화제,정선군,주민화합,3
2024-08-03,사북읍,사북석탄문화제,정선군,주민화합,3
2024-08-04,사북읍,사북석탄문화제,정선군,주민화합,3
2024-04-13,북평면,벚꽃축제,정선군,자연생태,1
2024-10-26,북평면,항골 숨바우길 트레킹 대회,정선군,자연생태,1
2024-10-02,정선읍,제50회 정선아리랑제,정선군,전통역사,4
2024-10-03,정선읍,제50회 정선아리랑제,정선군,전통역사,4
2024-10-04,정선읍,제50회 정선아리랑제,정선군,전통역사,4
2024-10-05,정선읍,제50회 정선아리랑제,정선군,전통역사,4
2024-01-13,동송읍,제13회 철원 한탄강 얼음트레킹 축제,철원군,자연생태,9
2024-01-14,동송읍,제13회 철원 한탄강 얼음트레킹 축제,철원군,자연생태,9
2024-01-15,동송읍,제13회 철원 한탄강 얼음트레킹 축제,철원군,자연생태,9
2024-01-16,동송읍,제13회 철원 한탄강 얼음트레킹 축제,철원군,자연생태,9
2024-01-17,동송읍,제13회 철원 한탄강 얼음트레킹 축제,철원군,자연생태,9
2024-01-18,동송읍,제13회 철원 한탄강 얼음트레킹 축제,철원군,자연생태,9
2024-01-19,동송읍,제13회 철원 한탄강 얼음트레킹 축제,철원군,자연생태,9
2024-01-20,동송읍,제13회 철원 한탄강 얼음트레킹 축제,철원군,자연생태,9
2024-01-21,동송읍,제13회 철원 한탄강 얼음트레킹 축제,철원군,자연생태,9
2024-08-01,김화읍,제18회 철원 화강 다슬기 축제,철원군,자연생태,4
2024-08-02,김화읍,제18회 철원 화강 다슬기 축제,철원군,자연생태,4
2024-08-03,김화읍,제18회 철원 화강 다슬기 축제,철원군,자연생태,4
2024-08-04,김화읍,제18회 철원 화강 다슬기 축제,철원군,자연생태,4
2024-10-03,갈말읍,제42회 태봉제,철원군,전통역사,3
2024-10-04,갈말읍,제42회 태봉제,철원군,전통역사,3
2024-10-05,갈말읍,제42회 태봉제,철원군,전통역사,3
2024-08-01,사내면,제21회 화천토마토축제,화천군,지역특산물,4
2024-08-02,사내면,제21회 화천토마토축제,화천군,지역특산물,4
2024-08-03,사내면,제21회 화천토마토축제,화천군,지역특산물,4
2024-08-04,사내면,제21회 화천토마토축제,화천군,지역특산물,4
2024-05-03,양구읍,2025 청춘양구 곰취축제,양구군,지역특산물,4
2024-05-04,양구읍,2025 청춘양구 곰취축제,양구군,지역특산물,4
2024-05-05,양구읍,2025 청춘양구 곰취축제,양구군,지역특산물,4
2024-05-06,양구읍,2025 청춘양구 곰취축제,양구군,지역특산물,4
2024-08-30,양구읍,2025 국토정중앙 청춘양구 배꼽축제,양구군,문화예술,3
2024-08-31,양구읍,2025 국토정중앙 청춘양구 배꼽축제,양구군,문화예술,3
2024-09-01,양구읍,2025 국토정중앙 청춘양구 배꼽축제,양구군,문화예술,3
2024-11-01,해안면,2025 청춘양구 펀치볼시래기사과축제,양구군,지역특산물,3
2024-11-02,해안면,2025 청춘양구 펀치볼시래기사과축제,양구군,지역특산물,3
2024-11-03,해안면,2025 청춘양구 펀치볼시래기사과축제,양구군,지역특산물,3
2024-09-16,국토정중앙면,국토정중앙 양구 보름달 축제,양구군,문화예술,2
2024-09-17,국토정중앙면,국토정중앙 양구 보름달 축제,양구군,문화예술,2
2024-09-28,북면,2025 인제 가을꽃축제,인제군,자연생태,23
2024-09-29,북면,2025 인제 가을꽃축제,인제군,자연생태,23
2024-09-30,북면,2025 인제 가을꽃축제,인제군,자연생태,23
2024-10-01,북면,2025 인제 가을꽃축제,인제군,자연생태,23
2024-10-02,북면,2025 인제 가을꽃축제,인제군,자연생태,23
2024-10-03,북면,2025 인제 가을꽃축제,인제군,자연생태,23
2024-10-04,북면,2025 인제 가을꽃축제,인제군,자연생태,23
2024-10-05,북면,2025 인제 가을꽃축제,인제군,자연생태,23
2024-10-06,북면,2025 인제 가을꽃축제,인제군,자연생태,23
2024-10-07,북면,2025 인제 가을꽃축제,인제군,자연생태,23
2024-10-08,북면,2025 인제 가을꽃축제,인제군,자연생태,23
2024-10-09,북면,2025 인제 가을꽃축제,인제군,자연생태,23
2024-10-10,북면,2025 인제 가을꽃축제,인제군,자연생태,23
2024-10-11,북면,2025 인제 가을꽃축제,인제군,자연생태,23
2024-10-12,북면,2025 인제 가을꽃축제,인제군,자연생태,23
2024-10-13,북면,2025 인제 가을꽃축제,인제군,자연생태,23
2024-10-14,북면,2025 인제 가을꽃축제,인제군,자연생태,23
2024-10-15,북면,2025 인제 가을꽃축제,인제군,자연생태,23
2024-10-16,북면,2025 인제 가을꽃축제,인제군,자연생태,23
2024-10-17,북면,2025 인제 가을꽃축제,인제군,자연생태,23
2024-10-18,북면,2025 인제 가을꽃축제,인제군,자연생태,23
2024-10-19,북면,2025 인제 가을꽃축제,인제군,자연생태,23
2024-10-20,북면,2025 인제 가을꽃축제,인제군,자연생태,23
2024-08-22,북면,만해축전,인제군,문화예술,1
2024-10-11,인제읍,합강문화제,인제군,주민화합,3
2024-10-12,인제읍,합강문화제,인제군,주민화합,3
2024-10-13,인제읍,합강문화제,인제군,주민화합,3
2024-05-04,북면,용대황태축제,인제군,자연생태,3
2024-05-05,북면,용대황태축제,인제군,자연생태,3
2024-05-06,북면,용대황태축제,인제군,자연생태,3
2024-10-26,인제읍,하추리도리깨축제,인제군,자연생태,2
2024-10-27,인제읍,하추리도리깨축제,인제군,자연생태,2
2024-10-11,거진읍,제25회 고성통일명태축제,고성군,전통역사,3
2024-10-12,거진읍,제25회 고성통일명태축제,고성군,전통역사,3
2024-10-13,거진읍,제25회 고성통일명태축제,고성군,전통역사,3
2025-10-16,강남동,춘천막국수닭갈비축제,춘천시,지역특산물,4
2025-10-17,강남동,춘천막국수닭갈비축제,춘천시,지역특산물,4
2025-10-18,강남동,춘천막국수닭갈비축제,춘천시,지역특산물,4
2025-10-19,강남동,춘천막국수닭갈비축제,춘천시,지역특산물,4
2025-06-06,옥천동,춘천아트페어 아르로드 R.OAD,춘천시,문화예술,6
2025-06-07,옥천동,춘천아트페어 아르로드 R.OAD,춘천시,문화예술,6
2025-06-08,옥천동,춘천아트페어 아르로드 R.OAD,춘천시,문화예술,6
2025-06-09,옥천동,춘천아트페어 아르로드 R.OAD,춘천시,문화예술,6
2025-06-10,옥천동,춘천아트페어 아르로드 R.OAD,춘천시,문화예술,6
2025-06-11,옥천동,춘천아트페어 아르로드 R.OAD,춘천시,문화예술,6
2025-06-26,옥천동,춘천영화제,춘천시,문화예술,4
2025-06-27,옥천동,춘천영화제,춘천시,문화예술,4
2025-06-28,옥천동,춘천영화제,춘천시,문화예술,4
2025-06-29,옥천동,춘천영화제,춘천시,문화예술,4
2025-08-12,약사명동,2026 공연예술제,춘천시,문화예술,4
2025-08-13,약사명동,2026 공연예술제,춘천시,문화예술,4
2025-08-14,약사명동,2026 공연예술제,춘천시,문화예술,4
2025-08-15,약사명동,2026 공연예술제,춘천시,문화예술,4
2025-08-16,약사명동,2026 공연예술제,춘천시,문화예술,4
2025-08-22,"삼천동,효자동",춘천 오페라 페스티벌,춘천시,문화예술,2
2025-08-23,"삼천동,효자동",춘천 오페라 페스티벌,춘천시,문화예술,2
2025-08-23,"효자동,삼천동",2026 온세대합창페스티벌,춘천시,문화예술,8
2025-08-24,"효자동,삼천동",2026 온세대합창페스티벌,춘천시,문화예술,8
2025-08-25,"효자동,삼천동",2026 온세대합창페스티벌,춘천시,문화예술,8
2025-08-26,"효자동,삼천동",2026 온세대합창페스티벌,춘천시,문화예술,8
2025-08-27,"효자동,삼천동",2026 온세대합창페스티벌,춘천시,문화예술,8
2025-08-28,"효자동,삼천동",2026 온세대합창페스티벌,춘천시,문화예술,8
2025-08-29,"효자동,삼천동",2026 온세대합창페스티벌,춘천시,문화예술,8
2025-08-30,"효자동,삼천동",2026 온세대합창페스티벌,춘천시,문화예술,8
2025-10-09,온의동,춘천커피축제,춘천시,문화예술,3
2025-10-10,온의동,춘천커피축제,춘천시,문화예술,3
2025-10-11,온의동,춘천커피축제,춘천시,문화예술,3
2025-09-13,서면,2026 춘천 반려동물 페스티벌,춘천시,문화예술,2
2025-09-14,서면,2026 춘천 반려동물 페스티벌,춘천시,문화예술,2
2025-06-13,옥천동,2026년 제5회 강원한우데이,춘천시,지역특산물,3
2025-06-14,옥천동,2026년 제5회 강원한우데이,춘천시,지역특산물,3
2025-06-15,옥천동,2026년 제5회 강원한우데이,춘천시,지역특산물,3
2025-09-26,삼천동,제6회 춘천 술 페스타,춘천시,문화예술,2
2025-09-27,삼천동,제6회 춘천 술 페스타,춘천시,문화예술,2
2025-10-17,서면,춘천 애니토이페스티벌,춘천시,문화예술,3
2025-10-18,서면,춘천 애니토이페스티벌,춘천시,문화예술,3
2025-10-19,서면,춘천 애니토이페스티벌,춘천시,문화예술,3
2025-06-21,신북읍,춘천 감자페스타,춘천시,지역특산물,2
2025-06-22,신북읍,춘천 감자페스타,춘천시,지역특산물,2
2025-09-26,명륜동,2026 댄싱카니발,원주시,문화예술,3
2025-09-27,명륜동,2026 댄싱카니발,원주시,문화예술,3
2025-09-28,명륜동,2026 댄싱카니발,원주시,문화예술,3
2025-05-01,무실동,원주 한지문화제,원주시,문화예술,5
2025-05-02,무실동,원주 한지문화제,원주시,문화예술,5
2025-05-03,무실동,원주 한지문화제,원주시,문화예술,5
2025-05-04,무실동,원주 한지문화제,원주시,문화예술,5
2025-05-05,무실동,원주 한지문화제,원주시,문화예술,5
2025-05-22,판부면,용수골꽃양귀비축제,원주시,자연생태,19
2025-05-23,판부면,용수골꽃양귀비축제,원주시,자연생태,19
2025-05-24,판부면,용수골꽃양귀비축제,원주시,자연생태,19
2025-05-25,판부면,용수골꽃양귀비축제,원주시,자연생태,19
2025-05-26,판부면,용수골꽃양귀비축제,원주시,자연생태,19
2025-05-27,판부면,용수골꽃양귀비축제,원주시,자연생태,19
2025-05-28,판부면,용수골꽃양귀비축제,원주시,자연생태,19
2025-05-29,판부면,용수골꽃양귀비축제,원주시,자연생태,19
2025-05-30,판부면,용수골꽃양귀비축제,원주시,자연생태,19
2025-05-31,판부면,용수골꽃양귀비축제,원주시,자연생태,19
2025-06-01,판부면,용수골꽃양귀비축제,원주시,자연생태,19
2025-06-02,판부면,용수골꽃양귀비축제,원주시,자연생태,19
2025-06-03,판부면,용수골꽃양귀비축제,원주시,자연생태,19
2025-06-04,판부면,용수골꽃양귀비축제,원주시,자연생태,19
2025-06-05,판부면,용수골꽃양귀비축제,원주시,자연생태,19
2025-06-06,판부면,용수골꽃양귀비축제,원주시,자연생태,19
2025-06-07,판부면,용수골꽃양귀비축제,원주시,자연생태,19
2025-06-08,판부면,용수골꽃양귀비축제,원주시,자연생태,19
2025-06-04,단계동,장미축제,원주시,자연생태,5
2025-06-05,단계동,장미축제,원주시,자연생태,5
2025-06-06,단계동,장미축제,원주시,자연생태,5
2025-06-07,단계동,장미축제,원주시,자연생태,5
2025-06-08,단계동,장미축제,원주시,자연생태,5
2025-10-18,지정면,섬강축제,원주시,주민화합,2
2025-10-19,지정면,섬강축제,원주시,주민화합,2
2025-05-17,반곡관설동,혁신도시 상생마켓,원주시,주민화합,2
2025-05-18,반곡관설동,혁신도시 상생마켓,원주시,주민화합,2
2025-09-18,반곡관설동,혁신페스타,원주시,주민화합,3
2025-09-19,반곡관설동,혁신페스타,원주시,주민화합,3
2025-09-20,반곡관설동,혁신페스타,원주시,주민화합,3
2025-09-19,우산동,2026 원주라면축제,원주시,주민화합,3
2025-09-20,우산동,2026 원주라면축제,원주시,주민화합,3
2025-09-21,우산동,2026 원주라면축제,원주시,주민화합,3
2025-10-24,중앙동,2026 원주만두축제,원주시,지역특산물,3
2025-10-25,중앙동,2026 원주만두축제,원주시,지역특산물,3
2025-10-26,중앙동,2026 원주만두축제,원주시,지역특산물,3
2025-09-03,중앙동,원주문화의거리 치맥축제,원주시,주민화합,4
2025-09-04,중앙동,원주문화의거리 치맥축제,원주시,주민화합,4
2025-09-05,중앙동,원주문화의거리 치맥축제,원주시,주민화합,4
2025-09-06,중앙동,원주문화의거리 치맥축제,원주시,주민화합,4
2025-06-13,명륜동,제12회 치악산한우 축제,원주시,지역특산물,3
2025-06-14,명륜동,제12회 치악산한우 축제,원주시,지역특산물,3
2025-06-15,명륜동,제12회 치악산한우 축제,원주시,지역특산물,3
2025-10-24,명륜동,제32회 국제걷기대회,원주시,문화예술,2
2025-10-25,명륜동,제32회 국제걷기대회,원주시,문화예술,2
2025-11-08,명륜1동,제63회 농업인의 날 삼토 페스티벌,원주시,전통역사,4
2025-11-09,명륜1동,제63회 농업인의 날 삼토 페스티벌,원주시,전통역사,4
2025-11-10,명륜1동,제63회 농업인의 날 삼토 페스티벌,원주시,전통역사,4
2025-11-11,명륜1동,제63회 농업인의 날 삼토 페스티벌,원주시,전통역사,4
2025-04-04,경포동,경포 벚꽃 축제,강릉시,자연생태,6
2025-04-05,경포동,경포 벚꽃 축제,강릉시,자연생태,6
2025-04-06,경포동,경포 벚꽃 축제,강릉시,자연생태,6
2025-04-07,경포동,경포 벚꽃 축제,강릉시,자연생태,6
2025-04-08,경포동,경포 벚꽃 축제,강릉시,자연생태,6
2025-04-09,경포동,경포 벚꽃 축제,강릉시,자연생태,6
2025-04-04,교동,솔올블라썸,강릉시,자연생태,3
2025-04-05,교동,솔올블라썸,강릉시,자연생태,3
2025-04-06,교동,솔올블라썸,강릉시,자연생태,3
2025-03-29,강남동,남산 벚꽃 축제,강릉시,자연생태,3
2025-03-30,강남동,남산 벚꽃 축제,강릉시,자연생태,3
2025-03-31,강남동,남산 벚꽃 축제,강릉시,자연생태,3
2025-05-23,경포동,강릉 차문화 축제,강릉시,문화예술,3
2025-05-24,경포동,강릉 차문화 축제,강릉시,문화예술,3
2025-05-25,경포동,강릉 차문화 축제,강릉시,문화예술,3
2025-05-27,"강남동,중앙동",강릉단오제,강릉시,전통역사,8
2025-05-28,"강남동,중앙동",강릉단오제,강릉시,전통역사,8
2025-05-29,"강남동,중앙동",강릉단오제,강릉시,전통역사,8
2025-05-30,"강남동,중앙동",강릉단오제,강릉시,전통역사,8
2025-05-31,"강남동,중앙동",강릉단오제,강릉시,전통역사,8
2025-06-01,"강남동,중앙동",강릉단오제,강릉시,전통역사,8
2025-06-02,"강남동,중앙동",강릉단오제,강릉시,전통역사,8
2025-06-03,"강남동,중앙동",강릉단오제,강릉시,전통역사,8
2025-06-27,경포동,강릉 비치비어 페스티벌,강릉시,문화예술,3
2025-06-28,경포동,강릉 비치비어 페스티벌,강릉시,문화예술,3
2025-06-29,경포동,강릉 비치비어 페스티벌,강릉시,문화예술,3
2025-07-29,경포동,경포 썸머 페스티벌,강릉시,문화예술,7
2025-07-30,경포동,경포 썸머 페스티벌,강릉시,문화예술,7
2025-07-31,경포동,경포 썸머 페스티벌,강릉시,문화예술,7
2025-08-01,경포동,경포 썸머 페스티벌,강릉시,문화예술,7
2025-08-02,경포동,경포 썸머 페스티벌,강릉시,문화예술,7
2025-08-03,경포동,경포 썸머 페스티벌,강릉시,문화예술,7
2025-08-04,경포동,경포 썸머 페스티벌,강릉시,문화예술,7
2025-08-14,중앙동,강릉 국가유산야행,강릉시,전통역사,3
2025-08-15,중앙동,강릉 국가유산야행,강릉시,전통역사,3
2025-08-16,중앙동,강릉 국가유산야행,강릉시,전통역사,3
2025-10-30,중앙동,강릉 누들 축제,강릉시,지역특산물,4
2025-10-31,중앙동,강릉 누들 축제,강릉시,지역특산물,4
2025-11-01,중앙동,강릉 누들 축제,강릉시,지역특산물,4
2025-11-02,중앙동,강릉 누들 축제,강릉시,지역특산물,4
2025-10-30,송정동,제18회 강릉커피축제,강릉시,주민화합,4
2025-10-31,송정동,제18회 강릉커피축제,강릉시,주민화합,4
2025-11-01,송정동,제18회 강릉커피축제,강릉시,주민화합,4
2025-11-02,송정동,제18회 강릉커피축제,강릉시,주민화합,4
2025-12-20,"중앙동,옥천동,교2동,송정동",2026 강릉크리스마스 겨울축제,강릉시,주민화합,6
2025-12-21,"중앙동,옥천동,교2동,송정동",2026 강릉크리스마스 겨울축제,강릉시,주민화합,6
2025-12-22,"중앙동,옥천동,교2동,송정동",2026 강릉크리스마스 겨울축제,강릉시,주민화합,6
2025-12-23,"중앙동,옥천동,교2동,송정동",2026 강릉크리스마스 겨울축제,강릉시,주민화합,6
2025-12-24,"중앙동,옥천동,교2동,송정동",2026 강릉크리스마스 겨울축제,강릉시,주민화합,6
2025-12-25,"중앙동,옥천동,교2동,송정동",2026 강릉크리스마스 겨울축제,강릉시,주민화합,6
2025-09-26,묵호동,제8회 묵호등대 논골담길 축제,동해시,문화예술,3
2025-09-27,묵호동,제8회 묵호등대 논골담길 축제,동해시,문화예술,3
2025-09-28,묵호동,제8회 묵호등대 논골담길 축제,동해시,문화예술,3
2025-04-04,북평동,제13회 전천축제,동해시,문화예술,2
2025-04-05,북평동,제13회 전천축제,동해시,문화예술,2
2025-10-18,발한동,제4회 발한 호로롱 페스티벌,동해시,주민화합,2
2025-10-19,발한동,제4회 발한 호로롱 페스티벌,동해시,주민화합,2
2025-06-14,삼화동,2026년 무릉별유천지 라벤더축제,동해시,자연생태,9
2025-06-15,삼화동,2026년 무릉별유천지 라벤더축제,동해시,자연생태,9
2025-06-16,삼화동,2026년 무릉별유천지 라벤더축제,동해시,자연생태,9
2025-06-17,삼화동,2026년 무릉별유천지 라벤더축제,동해시,자연생태,9
2025-06-18,삼화동,2026년 무릉별유천지 라벤더축제,동해시,자연생태,9
2025-06-19,삼화동,2026년 무릉별유천지 라벤더축제,동해시,자연생태,9
2025-06-20,삼화동,2026년 무릉별유천지 라벤더축제,동해시,자연생태,9
2025-06-21,삼화동,2026년 무릉별유천지 라벤더축제,동해시,자연생태,9
2025-06-22,삼화동,2026년 무릉별유천지 라벤더축제,동해시,자연생태,9
2025-09-05,송정동,제5회 송정막걸리축제,동해시,주민화합,2
2025-09-06,송정동,제5회 송정막걸리축제,동해시,주민화합,2
2025-09-18,천곡동,동해무릉제,동해시,주민화합,4
2025-09-19,천곡동,동해무릉제,동해시,주민화합,4
2025-09-20,천곡동,동해무릉제,동해시,주민화합,4
2025-09-21,천곡동,동해무릉제,동해시,주민화합,4
2025-07-18,묵호동,도째비페스타,동해시,주민화합,3
2025-07-19,묵호동,도째비페스타,동해시,주민화합,3
2025-07-20,묵호동,도째비페스타,동해시,주민화합,3
2025-07-26,"황지동,삼수동","제11회 한강,낙동강발원지 축제",태백시,자연생태,9
2025-07-27,"황지동,삼수동","제11회 한강,낙동강발원지 축제",태백시,자연생태,9
2025-07-28,"황지동,삼수동","제11회 한강,낙동강발원지 축제",태백시,자연생태,9
2025-07-29,"황지동,삼수동","제11회 한강,낙동강발원지 축제",태백시,자연생태,9
2025-07-30,"황지동,삼수동","제11회 한강,낙동강발원지 축제",태백시,자연생태,9
2025-07-31,"황지동,삼수동","제11회 한강,낙동강발원지 축제",태백시,자연생태,9
2025-08-01,"황지동,삼수동","제11회 한강,낙동강발원지 축제",태백시,자연생태,9
2025-08-02,"황지동,삼수동","제11회 한강,낙동강발원지 축제",태백시,자연생태,9
2025-08-03,"황지동,삼수동","제11회 한강,낙동강발원지 축제",태백시,자연생태,9
2025-05-02,장성동,태백 천상의 산나물 축제,태백시,지역특산물,3
2025-05-03,장성동,태백 천상의 산나물 축제,태백시,지역특산물,3
2025-05-04,장성동,태백 천상의 산나물 축제,태백시,지역특산물,3
2025-08-01,철암동,제3회 탄광문화고기축제,태백시,지역특산물,3
2025-08-02,철암동,제3회 탄광문화고기축제,태백시,지역특산물,3
2025-08-03,철암동,제3회 탄광문화고기축제,태백시,지역특산물,3
2025-04-12,영랑동,2026 영랑호 벚꽃축제,속초시,자연생태,2
2025-04-13,영랑동,2026 영랑호 벚꽃축제,속초시,자연생태,2
2025-05-23,조양동,2026년 설악무산문화축전,속초시,전통역사,3
2025-05-24,조양동,2026년 설악무산문화축전,속초시,전통역사,3
2025-05-25,조양동,2026년 설악무산문화축전,속초시,전통역사,3
2025-06-12,조양동,2026 실향민 문화축제,속초시,문화예술,2
2025-06-13,조양동,2026 실향민 문화축제,속초시,문화예술,2
2025-08-01,조양동,2026 속초썸머페스티벌,속초시,문화예술,3
2025-08-02,조양동,2026 속초썸머페스티벌,속초시,문화예술,3
2025-08-03,조양동,2026 속초썸머페스티벌,속초시,문화예술,3
2025-10-24,조양동,제61회 설악문화제,속초시,문화예술,3
2025-10-25,조양동,제61회 설악문화제,속초시,문화예술,3
2025-10-26,조양동,제61회 설악문화제,속초시,문화예술,3
2025-02-12,성내동,2026 삼척정월대보름제,삼척시,전통역사,5
2025-02-13,성내동,2026 삼척정월대보름제,삼척시,전통역사,5
2025-02-14,성내동,2026 삼척정월대보름제,삼척시,전통역사,5
2025-02-15,성내동,2026 삼척정월대보름제,삼척시,전통역사,5
2025-02-16,성내동,2026 삼척정월대보름제,삼척시,전통역사,5
2025-04-04,근덕면,제22회맹방유채꽃축제,삼척시,자연생태,17
2025-04-05,근덕면,제22회맹방유채꽃축제,삼척시,자연생태,17
2025-04-06,근덕면,제22회맹방유채꽃축제,삼척시,자연생태,17
2025-04-07,근덕면,제22회맹방유채꽃축제,삼척시,자연생태,17
2025-04-08,근덕면,제22회맹방유채꽃축제,삼척시,자연생태,17
2025-04-09,근덕면,제22회맹방유채꽃축제,삼척시,자연생태,17
2025-04-10,근덕면,제22회맹방유채꽃축제,삼척시,자연생태,17
2025-04-11,근덕면,제22회맹방유채꽃축제,삼척시,자연생태,17
2025-04-12,근덕면,제22회맹방유채꽃축제,삼척시,자연생태,17
2025-04-13,근덕면,제22회맹방유채꽃축제,삼척시,자연생태,17
2025-04-14,근덕면,제22회맹방유채꽃축제,삼척시,자연생태,17
2025-04-15,근덕면,제22회맹방유채꽃축제,삼척시,자연생태,17
2025-04-16,근덕면,제22회맹방유채꽃축제,삼척시,자연생태,17
2025-04-17,근덕면,제22회맹방유채꽃축제,삼척시,자연생태,17
2025-04-18,근덕면,제22회맹방유채꽃축제,삼척시,자연생태,17
2025-04-19,근덕면,제22회맹방유채꽃축제,삼척시,자연생태,17
2025-04-20,근덕면,제22회맹방유채꽃축제,삼척시,자연생태,17
2025-05-09,하장면,제13회 삼척 하장 두타산 산나물축제,삼척시,지역특산물,3
2025-05-10,하장면,제13회 삼척 하장 두타산 산나물축제,삼척시,지역특산물,3
2025-05-11,하장면,제13회 삼척 하장 두타산 산나물축제,삼척시,지역특산물,3
2025-05-23,정상동,2026년 제8회 삼척 장미축제,삼척시,자연생태,10
2025-05-24,정상동,2026년 제8회 삼척 장미축제,삼척시,자연생태,10
2025-05-25,정상동,2026년 제8회 삼척 장미축제,삼척시,자연생태,10
2025-05-26,정상동,2026년 제8회 삼척 장미축제,삼척시,자연생태,10
2025-05-27,정상동,2026년 제8회 삼척 장미축제,삼척시,자연생태,10
2025-05-28,정상동,2026년 제8회 삼척 장미축제,삼척시,자연생태,10
2025-05-29,정상동,2026년 제8회 삼척 장미축제,삼척시,자연생태,10
2025-05-30,정상동,2026년 제8회 삼척 장미축제,삼척시,자연생태,10
2025-05-31,정상동,2026년 제8회 삼척 장미축제,삼척시,자연생태,10
2025-06-01,정상동,2026년 제8회 삼척 장미축제,삼척시,자연생태,10
2025-08-01,갈천동,2026년 제7회 삼척 비치 썸 페스티벌,삼척시,문화예술,3
2025-08-02,갈천동,2026년 제7회 삼척 비치 썸 페스티벌,삼척시,문화예술,3
2025-08-03,갈천동,2026년 제7회 삼척 비치 썸 페스티벌,삼척시,문화예술,3
2025-08-30,"교동,정라동,성내동",제3회 삼척해(海)랑영화제,삼척시,문화예술,2
2025-08-31,"교동,정라동,성내동",제3회 삼척해(海)랑영화제,삼척시,문화예술,2
2025-09-26,정라동,2026 삼척동해왕이사부축제,삼척시,전통역사,3
2025-09-27,정라동,2026 삼척동해왕이사부축제,삼척시,전통역사,3
2025-09-28,정라동,2026 삼척동해왕이사부축제,삼척시,전통역사,3
2025-10-16,성내동,2026 국가유산 죽서루 야행,삼척시,전통역사,3
2025-10-17,성내동,2026 국가유산 죽서루 야행,삼척시,전통역사,3
2025-10-18,성내동,2026 국가유산 죽서루 야행,삼척시,전통역사,3
2025-10-25,성내동,제17회 삼척평생학습박람회 및 제7최 책축제,삼척시,문화예술,2
2025-10-26,성내동,제17회 삼척평생학습박람회 및 제7최 책축제,삼척시,문화예술,2
2025-11-07,교동,2026년 제3회 너와포차거리,삼척시,지역특산물,2
2025-11-08,교동,2026년 제3회 너와포차거리,삼척시,지역특산물,2
2025-01-18,홍천읍,제14회 홍천강 꽁꽁축제,홍천군,전통역사,15
2025-01-19,홍천읍,제14회 홍천강 꽁꽁축제,홍천군,전통역사,15
2025-01-20,홍천읍,제14회 홍천강 꽁꽁축제,홍천군,전통역사,15
2025-01-21,홍천읍,제14회 홍천강 꽁꽁축제,홍천군,전통역사,15
2025-01-22,홍천읍,제14회 홍천강 꽁꽁축제,홍천군,전통역사,15
2025-01-23,홍천읍,제14회 홍천강 꽁꽁축제,홍천군,전통역사,15
2025-01-24,홍천읍,제14회 홍천강 꽁꽁축제,홍천군,전통역사,15
2025-01-25,홍천읍,제14회 홍천강 꽁꽁축제,홍천군,전통역사,15
2025-01-26,홍천읍,제14회 홍천강 꽁꽁축제,홍천군,전통역사,15
2025-01-27,홍천읍,제14회 홍천강 꽁꽁축제,홍천군,전통역사,15
2025-01-28,홍천읍,제14회 홍천강 꽁꽁축제,홍천군,전통역사,15
2025-01-29,홍천읍,제14회 홍천강 꽁꽁축제,홍천군,전통역사,15
2025-01-30,홍천읍,제14회 홍천강 꽁꽁축제,홍천군,전통역사,15
2025-01-31,홍천읍,제14회 홍천강 꽁꽁축제,홍천군,전통역사,15
2025-02-01,홍천읍,제14회 홍천강 꽁꽁축제,홍천군,전통역사,15
2025-05-03,홍천읍,제8회 홍천산나물출제,홍천군,지역특산물,3
2025-05-04,홍천읍,제8회 홍천산나물출제,홍천군,지역특산물,3
2025-05-05,홍천읍,제8회 홍천산나물출제,홍천군,지역특산물,3
2025-07-25,홍천읍,제30회 홍천찰옥수수축제,홍천군,지역특산물,3
2025-07-26,홍천읍,제30회 홍천찰옥수수축제,홍천군,지역특산물,3
2025-07-27,홍천읍,제30회 홍천찰옥수수축제,홍천군,지역특산물,3
2025-07-31,홍천읍,제10회 홍천강 별빛음악 맥주축제,홍천군,지역특산물,4
2025-08-01,홍천읍,제10회 홍천강 별빛음악 맥주축제,홍천군,지역특산물,4
2025-08-02,홍천읍,제10회 홍천강 별빛음악 맥주축제,홍천군,지역특산물,4
2025-08-03,홍천읍,제10회 홍천강 별빛음악 맥주축제,홍천군,지역특산물,4
2025-10-30,홍천읍,제24회 홍천 인삼한우 명품축제,홍천군,지역특산물,4
2025-10-31,홍천읍,제24회 홍천 인삼한우 명품축제,홍천군,지역특산물,4
2025-11-01,홍천읍,제24회 홍천 인삼한우 명품축제,홍천군,지역특산물,4
2025-11-02,홍천읍,제24회 홍천 인삼한우 명품축제,홍천군,지역특산물,4
2025-10-22,횡성읍,제22회 횡성한우축제,횡성군,지역특산물,5
2025-10-23,횡성읍,제22회 횡성한우축제,횡성군,지역특산물,5
2025-10-24,횡성읍,제22회 횡성한우축제,횡성군,지역특산물,5
2025-10-25,횡성읍,제22회 횡성한우축제,횡성군,지역특산물,5
2025-10-26,횡성읍,제22회 횡성한우축제,횡성군,지역특산물,5
2025-08-14,둔내면,제15회 둔내고랭지토마토축제,횡성군,지역특산물,3
2025-08-15,둔내면,제15회 둔내고랭지토마토축제,횡성군,지역특산물,3
2025-08-16,둔내면,제15회 둔내고랭지토마토축제,횡성군,지역특산물,3
2025-09-19,청일면,제13회 횡성더덕축제,횡성군,지역특산물,3
2025-09-20,청일면,제13회 횡성더덕축제,횡성군,지역특산물,3
2025-09-21,청일면,제13회 횡성더덕축제,횡성군,지역특산물,3
2025-11-07,안흥면,제18회 안흥찐빵축제,횡성군,지역특산물,3
2025-11-08,안흥면,제18회 안흥찐빵축제,횡성군,지역특산물,3
2025-11-09,안흥면,제18회 안흥찐빵축제,횡성군,지역특산물,3
2025-05-09,갑천면,제7회 횡성호수길축제,횡성군,주민화합,3
2025-05-10,갑천면,제7회 횡성호수길축제,횡성군,주민화합,3
2025-05-11,갑천면,제7회 횡성호수길축제,횡성군,주민화합,3
2025-09-05,공근면,제4회 소(牛)맥 프리미엄 페스티벌,횡성군,주민화합,3
2025-09-06,공근면,제4회 소(牛)맥 프리미엄 페스티벌,횡성군,주민화합,3
2025-09-07,공근면,제4회 소(牛)맥 프리미엄 페스티벌,횡성군,주민화합,3
2025-04-19,우천면,제38회 횡성회다지소리 민속문화제,횡성군,전통역사,2
2025-04-20,우천면,제38회 횡성회다지소리 민속문화제,횡성군,전통역사,2
2025-04-25,영월읍,제59회 단종문화제,영월군,전통역사,3
2025-04-26,영월읍,제59회 단종문화제,영월군,전통역사,3
2025-04-27,영월읍,제59회 단종문화제,영월군,전통역사,3
2025-08-01,영월읍,제28회 동강뗏목축제,영월군,문화예술,3
2025-08-02,영월읍,제28회 동강뗏목축제,영월군,문화예술,3
2025-08-03,영월읍,제28회 동강뗏목축제,영월군,문화예술,3
2025-10-17,김삿갓면,김삿갓문화제,영월군,전통역사,3
2025-10-18,김삿갓면,김삿갓문화제,영월군,전통역사,3
2025-10-19,김삿갓면,김삿갓문화제,영월군,전통역사,3
2025-06-06,방림면,계촌클래식축제,평창군,문화예술,3
2025-06-07,방림면,계촌클래식축제,평창군,문화예술,3
2025-06-08,방림면,계촌클래식축제,평창군,문화예술,3
2025-08-01,대화면,평창더위사냥축제,평창군,자연생태,10
2025-08-02,대화면,평창더위사냥축제,평창군,자연생태,10
2025-08-03,대화면,평창더위사냥축제,평창군,자연생태,10
2025-08-04,대화면,평창더위사냥축제,평창군,자연생태,10
2025-08-05,대화면,평창더위사냥축제,평창군,자연생태,10
2025-08-06,대화면,평창더위사냥축제,평창군,자연생태,10
2025-08-07,대화면,평창더위사냥축제,평창군,자연생태,10
2025-08-08,대화면,평창더위사냥축제,평창군,자연생태,10
2025-08-09,대화면,평창더위사냥축제,평창군,자연생태,10
2025-08-10,대화면,평창더위사냥축제,평창군,자연생태,10
2025-09-05,봉평면,평창효석문화제,평창군,문화예술,10
2025-09-06,봉평면,평창효석문화제,평창군,문화예술,10
2025-09-07,봉평면,평창효석문화제,평창군,문화예술,10
2025-09-08,봉평면,평창효석문화제,평창군,문화예술,10
2025-09-09,봉평면,평창효석문화제,평창군,문화예술,10
2025-09-10,봉평면,평창효석문화제,평창군,문화예술,10
2025-09-11,봉평면,평창효석문화제,평창군,문화예술,10
2025-09-12,봉평면,평창효석문화제,평창군,문화예술,10
2025-09-13,봉평면,평창효석문화제,평창군,문화예술,10
2025-09-14,봉평면,평창효석문화제,평창군,문화예술,10
2025-10-24,용평면,평창농악축제,평창군,전통역사,3
2025-10-25,용평면,평창농악축제,평창군,전통역사,3
2025-10-26,용평면,평창농악축제,평창군,전통역사,3
2025-10-03,평창읍,평창백일홍축제,평창군,자연생태,10
2025-10-04,평창읍,평창백일홍축제,평창군,자연생태,10
2025-10-05,평창읍,평창백일홍축제,평창군,자연생태,10
2025-10-06,평창읍,평창백일홍축제,평창군,자연생태,10
2025-10-07,평창읍,평창백일홍축제,평창군,자연생태,10
2025-10-08,평창읍,평창백일홍축제,평창군,자연생태,10
2025-10-09,평창읍,평창백일홍축제,평창군,자연생태,10
2025-10-10,평창읍,평창백일홍축제,평창군,자연생태,10
2025-10-11,평창읍,평창백일홍축제,평창군,자연생태,10
2025-10-12,평창읍,평창백일홍축제,평창군,자연생태,10
2025-01-24,대관령면,대관령눈꽃축제,평창군,자연생태,10
2025-01-25,대관령면,대관령눈꽃축제,평창군,자연생태,10
2025-01-26,대관령면,대관령눈꽃축제,평창군,자연생태,10
2025-01-27,대관령면,대관령눈꽃축제,평창군,자연생태,10
2025-01-28,대관령면,대관령눈꽃축제,평창군,자연생태,10
2025-01-29,대관령면,대관령눈꽃축제,평창군,자연생태,10
2025-01-30,대관령면,대관령눈꽃축제,평창군,자연생태,10
2025-01-31,대관령면,대관령눈꽃축제,평창군,자연생태,10
2025-02-01,대관령면,대관령눈꽃축제,평창군,자연생태,10
2025-02-02,대관령면,대관령눈꽃축제,평창군,자연생태,10
2025-03-21,정선읍,제20회 정선동강할미꽃 축제,정선군,자연생태,3
2025-03-22,정선읍,제20회 정선동강할미꽃 축제,정선군,자연생태,3
2025-03-23,정선읍,제20회 정선동강할미꽃 축제,정선군,자연생태,3
2025-06-13,신동읍,제33회 두위봉 철쭉제 산맥 페스티벌,정선군,자연생태,2
2025-06-14,신동읍,제33회 두위봉 철쭉제 산맥 페스티벌,정선군,자연생태,2
2025-08-29,사북읍,제30회 사북읍석탄문화제,정선군,주민화합,3
2025-08-30,사북읍,제30회 사북읍석탄문화제,정선군,주민화합,3
2025-08-31,사북읍,제30회 사북읍석탄문화제,정선군,주민화합,3
2025-07-25,고한읍,제21회 정선 함백산 야생화축제,정선군,자연생태,11
2025-07-26,고한읍,제21회 정선 함백산 야생화축제,정선군,자연생태,11
2025-07-27,고한읍,제21회 정선 함백산 야생화축제,정선군,자연생태,11
2025-07-28,고한읍,제21회 정선 함백산 야생화축제,정선군,자연생태,11
2025-07-29,고한읍,제21회 정선 함백산 야생화축제,정선군,자연생태,11
2025-07-30,고한읍,제21회 정선 함백산 야생화축제,정선군,자연생태,11
2025-07-31,고한읍,제21회 정선 함백산 야생화축제,정선군,자연생태,11
2025-08-01,고한읍,제21회 정선 함백산 야생화축제,정선군,자연생태,11
2025-08-02,고한읍,제21회 정선 함백산 야생화축제,정선군,자연생태,11
2025-08-03,고한읍,제21회 정선 함백산 야생화축제,정선군,자연생태,11
2025-08-04,고한읍,제21회 정선 함백산 야생화축제,정선군,자연생태,11
2025-08-01,여량면,제34회 아우라지 뗏목축제,정선군,전통역사,2
2025-08-02,여량면,제34회 아우라지 뗏목축제,정선군,전통역사,2
2025-09-25,정선읍,제51회 정선아리랑제,정선군,전통역사,4
2025-09-26,정선읍,제51회 정선아리랑제,정선군,전통역사,4
2025-09-27,정선읍,제51회 정선아리랑제,정선군,전통역사,4
2025-09-28,정선읍,제51회 정선아리랑제,정선군,전통역사,4
2025-11-08,임계면,정선 사과축제,정선군,지역특산물,2
2025-11-09,임계면,정선 사과축제,정선군,지역특산물,2
2025-06-13,동송읍,DMZ 피스트레인 뮤직페스티벌 2026,철원군,문화예술,3
2025-06-14,동송읍,DMZ 피스트레인 뮤직페스티벌 2026,철원군,문화예술,3
2025-06-15,동송읍,DMZ 피스트레인 뮤직페스티벌 2026,철원군,문화예술,3
2025-07-31,김화읍,철원 화강 다슬기축제,철원군,자연생태,4
2025-08-01,김화읍,철원 화강 다슬기축제,철원군,자연생태,4
2025-08-02,김화읍,철원 화강 다슬기축제,철원군,자연생태,4
2025-08-03,김화읍,철원 화강 다슬기축제,철원군,자연생태,4
2025-09-25,갈말읍,태봉제,철원군,전통역사,3
2025-09-26,갈말읍,태봉제,철원군,전통역사,3
2025-09-27,갈말읍,태봉제,철원군,전통역사,3
2025-01-11,동송읍,철원한탄강얼음트레킹 축제,철원군,자연생태,9
2025-01-12,동송읍,철원한탄강얼음트레킹 축제,철원군,자연생태,9
2025-01-13,동송읍,철원한탄강얼음트레킹 축제,철원군,자연생태,9
2025-01-14,동송읍,철원한탄강얼음트레킹 축제,철원군,자연생태,9
2025-01-15,동송읍,철원한탄강얼음트레킹 축제,철원군,자연생태,9
2025-01-16,동송읍,철원한탄강얼음트레킹 축제,철원군,자연생태,9
2025-01-17,동송읍,철원한탄강얼음트레킹 축제,철원군,자연생태,9
2025-01-18,동송읍,철원한탄강얼음트레킹 축제,철원군,자연생태,9
2025-01-19,동송읍,철원한탄강얼음트레킹 축제,철원군,자연생태,9
2025-08-01,사내면,제22회 화천토마토축제,화천군,지역특산물,3
2025-08-02,사내면,제22회 화천토마토축제,화천군,지역특산물,3
2025-08-03,사내면,제22회 화천토마토축제,화천군,지역특산물,3
2025-05-03,양구읍,2026 청춘양구 곰취축제,양구군,지역특산물,4
2025-05-04,양구읍,2026 청춘양구 곰취축제,양구군,지역특산물,4
2025-05-05,양구읍,2026 청춘양구 곰취축제,양구군,지역특산물,4
2025-05-06,양구읍,2026 청춘양구 곰취축제,양구군,지역특산물,4
2025-08-29,양구읍,2026 국토정중앙 청춘양구 배꼽축제,양구군,문화예술,3
2025-08-30,양구읍,2026 국토정중앙 청춘양구 배꼽축제,양구군,문화예술,3
2025-08-31,양구읍,2026 국토정중앙 청춘양구 배꼽축제,양구군,문화예술,3
2025-10-31,해안면,2026 청춘양구 펀치볼 시래기사과축제,양구군,지역특산물,3
2025-11-01,해안면,2026 청춘양구 펀치볼 시래기사과축제,양구군,지역특산물,3
2025-11-02,해안면,2026 청춘양구 펀치볼 시래기사과축제,양구군,지역특산물,3
2025-10-25,인제읍,하추리도리깨축제,인제군,자연생태,2
2025-10-26,인제읍,하추리도리깨축제,인제군,자연생태,2
2025-08-15,기린면,제12회 곰배령별밤음악축제,인제군,문화예술,2
2025-08-16,기린면,제12회 곰배령별밤음악축제,인제군,문화예술,2
2025-04-26,기린면,제2회 기린농협 산나물 직거래 판매행사,인제군,지역특산물,2
2025-04-27,기린면,제2회 기린농협 산나물 직거래 판매행사,인제군,지역특산물,2
2025-10-17,거진읍,제26회 고성통일명태축제,고성군,전통역사,3
2025-10-18,거진읍,제26회 고성통일명태축제,고성군,전통역사,3
2025-10-19,거진읍,제26회 고성통일명태축제,고성군,전통역사,3
2025-02-14,강현면,2026 양양 낙산해변 달빛모닥불 축제,양양군,주민화합,2
2025-02-15,강현면,2026 양양 낙산해변 달빛모닥불 축제,양양군,주민화합,2
2023-09-08,성안동,청주읍성축제,청주시,전통역사,3
2023-09-09,성안동,청주읍성축제,청주시,전통역사,3
2023-09-10,성안동,청주읍성축제,청주시,전통역사,3
2023-10-06,오창읍,청원생명축제,청주시,특산물,10
2023-10-07,오창읍,청원생명축제,청주시,특산물,10
2023-10-08,오창읍,청원생명축제,청주시,특산물,10
2023-10-09,오창읍,청원생명축제,청주시,특산물,10
2023-10-10,오창읍,청원생명축제,청주시,특산물,10
2023-10-11,오창읍,청원생명축제,청주시,특산물,10
2023-10-12,오창읍,청원생명축제,청주시,특산물,10
2023-10-13,오창읍,청원생명축제,청주시,특산물,10
2023-10-14,오창읍,청원생명축제,청주시,특산물,10
2023-10-15,오창읍,청원생명축제,청주시,특산물,10
2023-10-20,내수읍,세종대왕과 초정약수축제,청주시,역사문화,3
2023-10-21,내수읍,세종대왕과 초정약수축제,청주시,역사문화,3
2023-10-22,내수읍,세종대왕과 초정약수축제,청주시,역사문화,3
2023-09-23,중앙동,청주 디저트베이커리페스타,청주시,기타,2
2023-09-24,중앙동,청주 디저트베이커리페스타,청주시,기타,2
2023-08-25,성안동,청주 문화유산 야행,청주시,전통역사,3
2023-08-26,성안동,청주 문화유산 야행,청주시,전통역사,3
2023-08-27,성안동,청주 문화유산 야행,청주시,전통역사,3
2023-06-15,중앙탑면,충주다이브페스티벌,충주시,문화관광,4
2023-06-16,중앙탑면,충주다이브페스티벌,충주시,문화관광,4
2023-06-17,중앙탑면,충주다이브페스티벌,충주시,문화관광,4
2023-06-18,중앙탑면,충주다이브페스티벌,충주시,문화관광,4
2023-04-14,수안보면,수안보온천제,충주시,기타,3
2023-04-15,수안보면,수안보온천제,충주시,기타,3
2023-04-16,수안보면,수안보온천제,충주시,기타,3
2023-09-06,칠금동,우륵문화제,충주시,문화예술,5
2023-09-07,칠금동,우륵문화제,충주시,문화예술,5
2023-09-08,칠금동,우륵문화제,충주시,문화예술,5
2023-09-09,칠금동,우륵문화제,충주시,문화예술,5
2023-09-10,칠금동,우륵문화제,충주시,문화예술,5
2023-09-23,칠금동,충주씨브랜드패스티벌,충주시,특산물,2
2023-09-24,칠금동,충주씨브랜드패스티벌,충주시,특산물,2
2023-04-07,청풍면,청풍호 벚꽃축제,제천시,생태자연,3
2023-04-08,청풍면,청풍호 벚꽃축제,제천시,생태자연,3
2023-04-09,청풍면,청풍호 벚꽃축제,제천시,생태자연,3
2023-09-01,중앙동,제천 수제맥주&달빛야시장 축제,제천시,기타,3
2023-09-02,중앙동,제천 수제맥주&달빛야시장 축제,제천시,기타,3
2023-09-03,중앙동,제천 수제맥주&달빛야시장 축제,제천시,기타,3
2023-08-10,화산동,제천국제음악영화제,제천시,문화예술,6
2023-08-11,화산동,제천국제음악영화제,제천시,문화예술,6
2023-08-12,화산동,제천국제음악영화제,제천시,문화예술,6
2023-08-13,화산동,제천국제음악영화제,제천시,문화예술,6
2023-08-14,화산동,제천국제음악영화제,제천시,문화예술,6
2023-08-15,화산동,제천국제음악영화제,제천시,문화예술,6
2023-10-13,모산동,의림지 농경문화 예술제,제천시,문화예술,3
2023-10-14,모산동,의림지 농경문화 예술제,제천시,문화예술,3
2023-10-15,모산동,의림지 농경문화 예술제,제천시,문화예술,3
2023-09-21,수산면,슬로시티 힐링 축제,제천시,문화예술,3
2023-09-22,수산면,슬로시티 힐링 축제,제천시,문화예술,3
2023-09-23,수산면,슬로시티 힐링 축제,제천시,문화예술,3
2023-06-09,속리산면,속리산 축제,보은군,전통역사,3
2023-06-10,속리산면,속리산 축제,보은군,전통역사,3
2023-06-11,속리산면,속리산 축제,보은군,전통역사,3
2023-10-13,보은읍,보은대추축제,보은군,특산물,10
2023-10-14,보은읍,보은대추축제,보은군,특산물,10
2023-10-15,보은읍,보은대추축제,보은군,특산물,10
2023-10-16,보은읍,보은대추축제,보은군,특산물,10
2023-10-17,보은읍,보은대추축제,보은군,특산물,10
2023-10-18,보은읍,보은대추축제,보은군,특산물,10
2023-10-19,보은읍,보은대추축제,보은군,특산물,10
2023-10-20,보은읍,보은대추축제,보은군,특산물,10
2023-10-21,보은읍,보은대추축제,보은군,특산물,10
2023-10-22,보은읍,보은대추축제,보은군,특산물,10
2023-09-07,옥천읍,지용제,옥천군,문화예술,4
2023-09-08,옥천읍,지용제,옥천군,문화예술,4
2023-09-09,옥천읍,지용제,옥천군,문화예술,4
2023-09-10,옥천읍,지용제,옥천군,문화예술,4
2023-03-31,이원면,옥천묘목축제,옥천군,특산물,3
2023-04-01,이원면,옥천묘목축제,옥천군,특산물,3
2023-04-02,이원면,옥천묘목축제,옥천군,특산물,3
2023-04-29,옥천읍,옥천참옻축제,옥천군,특산물,2
2023-04-30,옥천읍,옥천참옻축제,옥천군,특산물,2
2023-01-06,영동읍,영동곶감축제,영동군,특산물,3
2023-01-07,영동읍,영동곶감축제,영동군,특산물,3
2023-01-08,영동읍,영동곶감축제,영동군,특산물,3
2023-10-12,영동읍,대한민국와인축제,영동군,특산물,4
2023-10-13,영동읍,대한민국와인축제,영동군,특산물,4
2023-10-14,영동읍,대한민국와인축제,영동군,특산물,4
2023-10-15,영동읍,대한민국와인축제,영동군,특산물,4
2023-08-24,영동읍,영동포도축제,영동군,특산물,4
2023-08-25,영동읍,영동포도축제,영동군,특산물,4
2023-08-26,영동읍,영동포도축제,영동군,특산물,4
2023-08-27,영동읍,영동포도축제,영동군,특산물,4
2023-10-12,증평읍,증평인삼골축제,증평군,특산물,4
2023-10-13,증평읍,증평인삼골축제,증평군,특산물,4
2023-10-14,증평읍,증평인삼골축제,증평군,특산물,4
2023-10-15,증평읍,증평인삼골축제,증평군,특산물,4
2023-06-10,증평읍,증평들노래축제,증평군,전통역사,2
2023-06-11,증평읍,증평들노래축제,증평군,전통역사,2
2023-05-26,문백면,생거진천 농다리축제,진천군,전통역사,3
2023-05-27,문백면,생거진천 농다리축제,진천군,전통역사,3
2023-05-28,문백면,생거진천 농다리축제,진천군,전통역사,3
2023-10-06,진천읍,생거진천 문화축제,진천군,문화예술,3
2023-10-07,진천읍,생거진천 문화축제,진천군,문화예술,3
2023-10-08,진천읍,생거진천 문화축제,진천군,문화예술,3
2023-08-31,괴산읍,괴산고추축제,괴산군,특산품,4
2023-09-01,괴산읍,괴산고추축제,괴산군,특산품,4
2023-09-02,괴산읍,괴산고추축제,괴산군,특산품,4
2023-09-03,괴산읍,괴산고추축제,괴산군,특산품,4
2023-11-03,괴산읍,괴산김장축제,괴산군,특산품,3
2023-11-04,괴산읍,괴산김장축제,괴산군,특산품,3
2023-11-05,괴산읍,괴산김장축제,괴산군,특산품,3
2023-05-17,음성읍,음성품바축제,음성군,문화예술,5
2023-05-18,음성읍,음성품바축제,음성군,문화예술,5
2023-05-19,음성읍,음성품바축제,음성군,문화예술,5
2023-05-20,음성읍,음성품바축제,음성군,문화예술,5
2023-05-21,음성읍,음성품바축제,음성군,문화예술,5
2023-09-21,음성읍,설성문화제,음성군,전통역사,4
2023-09-22,음성읍,설성문화제,음성군,전통역사,4
2023-09-23,음성읍,설성문화제,음성군,전통역사,4
2023-09-24,음성읍,설성문화제,음성군,전통역사,4
2023-09-21,금왕읍,음성명작페스티벌,음성군,특산물,4
2023-09-22,금왕읍,음성명작페스티벌,음성군,특산물,4
2023-09-23,금왕읍,음성명작페스티벌,음성군,특산물,4
2023-09-24,금왕읍,음성명작페스티벌,음성군,특산물,4
2023-05-31,단양읍,단양 소백산철쭉제,단양군,생태자연,5
2023-06-01,단양읍,단양 소백산철쭉제,단양군,생태자연,5
2023-06-02,단양읍,단양 소백산철쭉제,단양군,생태자연,5
2023-06-03,단양읍,단양 소백산철쭉제,단양군,생태자연,5
2023-06-04,단양읍,단양 소백산철쭉제,단양군,생태자연,5
2023-10-06,영춘면,단양 온달문화축제,단양군,전통역사,4
2023-10-07,영춘면,단양 온달문화축제,단양군,전통역사,4
2023-10-08,영춘면,단양 온달문화축제,단양군,전통역사,4
2023-10-09,영춘면,단양 온달문화축제,단양군,전통역사,4
2024-06-10,오창읍,반딧불 곤충 축제,청주시,자연생태,3
2024-06-11,오창읍,반딧불 곤충 축제,청주시,자연생태,3
2024-06-12,오창읍,반딧불 곤충 축제,청주시,자연생태,3
2024-10-18,칠금동,친환경에너지 페스티벌,충주시,문화예술,3
2024-10-19,칠금동,친환경에너지 페스티벌,충주시,문화예술,3
2024-10-20,칠금동,친환경에너지 페스티벌,충주시,문화예술,3
2024-04-20,문의면,청남대 봄꽃축제 '영춘제',청주시,문화예술,18
2024-04-21,문의면,청남대 봄꽃축제 '영춘제',청주시,문화예술,18
2024-04-22,문의면,청남대 봄꽃축제 '영춘제',청주시,문화예술,18
2024-04-23,문의면,청남대 봄꽃축제 '영춘제',청주시,문화예술,18
2024-04-24,문의면,청남대 봄꽃축제 '영춘제',청주시,문화예술,18
2024-04-25,문의면,청남대 봄꽃축제 '영춘제',청주시,문화예술,18
2024-04-26,문의면,청남대 봄꽃축제 '영춘제',청주시,문화예술,18
2024-04-27,문의면,청남대 봄꽃축제 '영춘제',청주시,문화예술,18
2024-04-28,문의면,청남대 봄꽃축제 '영춘제',청주시,문화예술,18
2024-04-29,문의면,청남대 봄꽃축제 '영춘제',청주시,문화예술,18
2024-04-30,문의면,청남대 봄꽃축제 '영춘제',청주시,문화예술,18
2024-05-01,문의면,청남대 봄꽃축제 '영춘제',청주시,문화예술,18
2024-05-02,문의면,청남대 봄꽃축제 '영춘제',청주시,문화예술,18
2024-05-03,문의면,청남대 봄꽃축제 '영춘제',청주시,문화예술,18
2024-05-04,문의면,청남대 봄꽃축제 '영춘제',청주시,문화예술,18
2024-05-05,문의면,청남대 봄꽃축제 '영춘제',청주시,문화예술,18
2024-05-06,문의면,청남대 봄꽃축제 '영춘제',청주시,문화예술,18
2024-10-26,문의면,청남대 '가을축제',청주시,문화예술,16
2024-10-27,문의면,청남대 '가을축제',청주시,문화예술,16
2024-10-28,문의면,청남대 '가을축제',청주시,문화예술,16
2024-10-29,문의면,청남대 '가을축제',청주시,문화예술,16
2024-10-30,문의면,청남대 '가을축제',청주시,문화예술,16
2024-10-31,문의면,청남대 '가을축제',청주시,문화예술,16
2024-11-01,문의면,청남대 '가을축제',청주시,문화예술,16
2024-11-02,문의면,청남대 '가을축제',청주시,문화예술,16
2024-11-03,문의면,청남대 '가을축제',청주시,문화예술,16
2024-11-04,문의면,청남대 '가을축제',청주시,문화예술,16
2024-11-05,문의면,청남대 '가을축제',청주시,문화예술,16
2024-11-06,문의면,청남대 '가을축제',청주시,문화예술,16
2024-11-07,문의면,청남대 '가을축제',청주시,문화예술,16
2024-11-08,문의면,청남대 '가을축제',청주시,문화예술,16
2024-11-09,문의면,청남대 '가을축제',청주시,문화예술,16
2024-11-10,문의면,청남대 '가을축제',청주시,문화예술,16
2024-03-03,서문동,3·3데이 청주삼겹살 축제,청주시,특산물,2
2024-03-04,서문동,3·3데이 청주삼겹살 축제,청주시,특산물,2
2024-03-29,영동,벚꽃과 함께하는 청주 푸드트럭 축제,청주시,주민화합,3
2024-03-30,영동,벚꽃과 함께하는 청주 푸드트럭 축제,청주시,주민화합,3
2024-03-31,영동,벚꽃과 함께하는 청주 푸드트럭 축제,청주시,주민화합,3
2024-10-11,내덕동,청주 디저트·베이커리 페스타,청주시,특산물,3
2024-10-12,내덕동,청주 디저트·베이커리 페스타,청주시,특산물,3
2024-10-13,내덕동,청주 디저트·베이커리 페스타,청주시,특산물,3
2024-10-10,내수읍,세종대왕과 초정약수축제,청주시,주민화합,3
2024-10-11,내수읍,세종대왕과 초정약수축제,청주시,주민화합,3
2024-10-12,내수읍,세종대왕과 초정약수축제,청주시,주민화합,3
2024-05-03,남일면,청주시 도시농업 페스티벌,청주시,문화예술,4
2024-05-04,남일면,청주시 도시농업 페스티벌,청주시,문화예술,4
2024-05-05,남일면,청주시 도시농업 페스티벌,청주시,문화예술,4
2024-05-06,남일면,청주시 도시농업 페스티벌,청주시,문화예술,4
2024-05-10,주중동,청주 가드닝 페스티벌,청주시,자연생태,3
2024-05-11,주중동,청주 가드닝 페스티벌,청주시,자연생태,3
2024-05-12,주중동,청주 가드닝 페스티벌,청주시,자연생태,3
2024-09-27,오창읍,청원생명축제,청주시,특산물,10
2024-09-28,오창읍,청원생명축제,청주시,특산물,10
2024-09-29,오창읍,청원생명축제,청주시,특산물,10
2024-09-30,오창읍,청원생명축제,청주시,특산물,10
2024-10-01,오창읍,청원생명축제,청주시,특산물,10
2024-10-02,오창읍,청원생명축제,청주시,특산물,10
2024-10-03,오창읍,청원생명축제,청주시,특산물,10
2024-10-04,오창읍,청원생명축제,청주시,특산물,10
2024-10-05,오창읍,청원생명축제,청주시,특산물,10
2024-10-06,오창읍,청원생명축제,청주시,특산물,10
2024-10-18,덕산면,덕산 양채축제,제천시,특산물,2
2024-10-19,덕산면,덕산 양채축제,제천시,특산물,2
2024-07-12,한수면,월악산송계양파축제,제천시,특산물,3
2024-07-13,한수면,월악산송계양파축제,제천시,특산물,3
2024-07-14,한수면,월악산송계양파축제,제천시,특산물,3
2024-11-23,봉양읍,봉양박달콩축제,제천시,특산물,2
2024-11-24,봉양읍,봉양박달콩축제,제천시,특산물,2
2024-03-29,청풍면,청풍호 벚꽃축제,제천시,자연생태,3
2024-03-30,청풍면,청풍호 벚꽃축제,제천시,자연생태,3
2024-03-31,청풍면,청풍호 벚꽃축제,제천시,자연생태,3
2024-03-29,종민동,충주호 벚꽃축제,충주시,문화예술,3
2024-03-30,종민동,충주호 벚꽃축제,충주시,문화예술,3
2024-03-31,종민동,충주호 벚꽃축제,충주시,문화예술,3
2024-04-12,수안보면,수안보온천제,충주시,전통역사,3
2024-04-13,수안보면,수안보온천제,충주시,전통역사,3
2024-04-14,수안보면,수안보온천제,충주시,전통역사,3
2024-05-30,호암직동,충주다이브페스티벌,충주시,문화예술,4
2024-05-31,호암직동,충주다이브페스티벌,충주시,문화예술,4
2024-06-01,호암직동,충주다이브페스티벌,충주시,문화예술,4
2024-06-02,호암직동,충주다이브페스티벌,충주시,문화예술,4
2024-10-02,칠금동,우륵문화제,충주시,문화예술,5
2024-10-03,칠금동,우륵문화제,충주시,문화예술,5
2024-10-04,칠금동,우륵문화제,충주시,문화예술,5
2024-10-05,칠금동,우륵문화제,충주시,문화예술,5
2024-10-06,칠금동,우륵문화제,충주시,문화예술,5
2024-10-26,앙성면,비내섬 축제,충주시,문화예술,2
2024-10-27,앙성면,비내섬 축제,충주시,문화예술,2
2024-03-29,보은읍,보은벚꽃길축제,보은군,자연생태,3
2024-03-30,보은읍,보은벚꽃길축제,보은군,자연생태,3
2024-03-31,보은읍,보은벚꽃길축제,보은군,자연생태,3
2024-10-11,보은읍,보은대추축제,보은군,특산물,10
2024-10-12,보은읍,보은대추축제,보은군,특산물,10
2024-10-13,보은읍,보은대추축제,보은군,특산물,10
2024-10-14,보은읍,보은대추축제,보은군,특산물,10
2024-10-15,보은읍,보은대추축제,보은군,특산물,10
2024-10-16,보은읍,보은대추축제,보은군,특산물,10
2024-10-17,보은읍,보은대추축제,보은군,특산물,10
2024-10-18,보은읍,보은대추축제,보은군,특산물,10
2024-10-19,보은읍,보은대추축제,보은군,특산물,10
2024-10-20,보은읍,보은대추축제,보은군,특산물,10
2024-05-24,속리산면,속리산 축제 - 봄,보은군,전통역사,3
2024-05-25,속리산면,속리산 축제 - 봄,보은군,전통역사,3
2024-05-26,속리산면,속리산 축제 - 봄,보은군,전통역사,3
2024-03-29,이원면,옥천묘목축제,옥천군,특산물,3
2024-03-30,이원면,옥천묘목축제,옥천군,특산물,3
2024-03-31,이원면,옥천묘목축제,옥천군,특산물,3
2024-04-13,청산면,청산생선국수축제,옥천군,특산물,2
2024-04-14,청산면,청산생선국수축제,옥천군,특산물,2
2024-05-17,옥천읍,지용제,옥천군,문화예술,3
2024-05-18,옥천읍,지용제,옥천군,문화예술,3
2024-05-19,옥천읍,지용제,옥천군,문화예술,3
2024-07-13,안내면,옥수수감자 축제,옥천군,특산물,2
2024-07-14,안내면,옥수수감자 축제,옥천군,특산물,2
2024-08-02,옥천읍,포도복숭아 축제,옥천군,특산물,3
2024-08-03,옥천읍,포도복숭아 축제,옥천군,특산물,3
2024-08-04,옥천읍,포도복숭아 축제,옥천군,특산물,3
2024-01-03,영동읍,영동곶감축제,영동군,특산물,3
2024-01-04,영동읍,영동곶감축제,영동군,특산물,3
2024-01-05,영동읍,영동곶감축제,영동군,특산물,3
2024-05-24,영동읍,대한민국와인축제,영동군,특산물,3
2024-05-25,영동읍,대한민국와인축제,영동군,특산물,3
2024-05-26,영동읍,대한민국와인축제,영동군,특산물,3
2024-08-29,영동읍,영동포도축제,영동군,특산물,4
2024-08-30,영동읍,영동포도축제,영동군,특산물,4
2024-08-31,영동읍,영동포도축제,영동군,특산물,4
2024-09-01,영동읍,영동포도축제,영동군,특산물,4
2024-10-09,심천면,영동난계국악축제,영동군,문화예술,5
2024-10-10,심천면,영동난계국악축제,영동군,문화예술,5
2024-10-11,심천면,영동난계국악축제,영동군,문화예술,5
2024-10-12,심천면,영동난계국악축제,영동군,문화예술,5
2024-10-13,심천면,영동난계국악축제,영동군,문화예술,5
2024-10-03,증평읍,증평인삼골축제,증평군,특산물,4
2024-10-04,증평읍,증평인삼골축제,증평군,특산물,4
2024-10-05,증평읍,증평인삼골축제,증평군,특산물,4
2024-10-06,증평읍,증평인삼골축제,증평군,특산물,4
2024-04-19,문백면,농다리 축제,진천군,전통역사,3
2024-04-20,문백면,농다리 축제,진천군,전통역사,3
2024-04-21,문백면,농다리 축제,진천군,전통역사,3
2024-04-19,진천읍,생거진천 문화축제,진천군,문화예술,3
2024-04-20,진천읍,생거진천 문화축제,진천군,문화예술,3
2024-04-21,진천읍,생거진천 문화축제,진천군,문화예술,3
2024-05-24,괴산읍,괴산빨간맛페스티벌,괴산군,특산물,3
2024-05-25,괴산읍,괴산빨간맛페스티벌,괴산군,특산물,3
2024-05-26,괴산읍,괴산빨간맛페스티벌,괴산군,특산물,3
2024-08-29,괴산읍,괴산고추축제,괴산군,특산물,4
2024-08-30,괴산읍,괴산고추축제,괴산군,특산물,4
2024-08-31,괴산읍,괴산고추축제,괴산군,특산물,4
2024-09-01,괴산읍,괴산고추축제,괴산군,특산물,4
2024-11-01,괴산읍,괴산김장축제,괴산군,특산물,3
2024-11-02,괴산읍,괴산김장축제,괴산군,특산물,3
2024-11-03,괴산읍,괴산김장축제,괴산군,특산물,3
2024-05-22,음성읍,음성품바축제,음성군,문화예술,5
2024-05-23,음성읍,음성품바축제,음성군,문화예술,5
2024-05-24,음성읍,음성품바축제,음성군,문화예술,5
2024-05-25,음성읍,음성품바축제,음성군,문화예술,5
2024-05-26,음성읍,음성품바축제,음성군,문화예술,5
2024-09-27,음성읍,설성문화제,음성군,전통역사,2
2024-09-28,음성읍,설성문화제,음성군,전통역사,2
2024-09-05,금왕읍,음성명작페스티벌,음성군,특산물,4
2024-09-06,금왕읍,음성명작페스티벌,음성군,특산물,4
2024-09-07,금왕읍,음성명작페스티벌,음성군,특산물,4
2024-09-08,금왕읍,음성명작페스티벌,음성군,특산물,4
2024-05-23,단양읍,단양 소백산철쭉제,단양군,자연생태,4
2024-05-24,단양읍,단양 소백산철쭉제,단양군,자연생태,4
2024-05-25,단양읍,단양 소백산철쭉제,단양군,자연생태,4
2024-05-26,단양읍,단양 소백산철쭉제,단양군,자연생태,4
2024-10-03,영춘면,단양 온달문화축제,단양군,전통역사,4
2024-10-04,영춘면,단양 온달문화축제,단양군,전통역사,4
2024-10-05,영춘면,단양 온달문화축제,단양군,전통역사,4
2024-10-06,영춘면,단양 온달문화축제,단양군,전통역사,4
2025-09-05,내덕동,충북 한우랑 브랜드랑 축제,청주시,특산물,3
2025-09-06,내덕동,충북 한우랑 브랜드랑 축제,청주시,특산물,3
2025-09-07,내덕동,충북 한우랑 브랜드랑 축제,청주시,특산물,3
2025-04-24,문의면,영춘제,청주시,문화예술,13
2025-04-25,문의면,영춘제,청주시,문화예술,13
2025-04-26,문의면,영춘제,청주시,문화예술,13
2025-04-27,문의면,영춘제,청주시,문화예술,13
2025-04-28,문의면,영춘제,청주시,문화예술,13
2025-04-29,문의면,영춘제,청주시,문화예술,13
2025-04-30,문의면,영춘제,청주시,문화예술,13
2025-05-01,문의면,영춘제,청주시,문화예술,13
2025-05-02,문의면,영춘제,청주시,문화예술,13
2025-05-03,문의면,영춘제,청주시,문화예술,13
2025-05-04,문의면,영춘제,청주시,문화예술,13
2025-05-05,문의면,영춘제,청주시,문화예술,13
2025-05-06,문의면,영춘제,청주시,문화예술,13
2025-10-25,문의면,가을축제,청주시,문화예술,16
2025-10-26,문의면,가을축제,청주시,문화예술,16
2025-10-27,문의면,가을축제,청주시,문화예술,16
2025-10-28,문의면,가을축제,청주시,문화예술,16
2025-10-29,문의면,가을축제,청주시,문화예술,16
2025-10-30,문의면,가을축제,청주시,문화예술,16
2025-10-31,문의면,가을축제,청주시,문화예술,16
2025-11-01,문의면,가을축제,청주시,문화예술,16
2025-11-02,문의면,가을축제,청주시,문화예술,16
2025-11-03,문의면,가을축제,청주시,문화예술,16
2025-11-04,문의면,가을축제,청주시,문화예술,16
2025-11-05,문의면,가을축제,청주시,문화예술,16
2025-11-06,문의면,가을축제,청주시,문화예술,16
2025-11-07,문의면,가을축제,청주시,문화예술,16
2025-11-08,문의면,가을축제,청주시,문화예술,16
2025-11-09,문의면,가을축제,청주시,문화예술,16
2025-03-02,중앙동,3·3데이 청주삼겹살 축제,청주시,특산물,2
2025-03-03,중앙동,3·3데이 청주삼겹살 축제,청주시,특산물,2
2025-04-04,중앙동,벚꽃과 함께하는 청주 푸드트럭 축제,청주시,주민화합,3
2025-04-05,중앙동,벚꽃과 함께하는 청주 푸드트럭 축제,청주시,주민화합,3
2025-04-06,중앙동,벚꽃과 함께하는 청주 푸드트럭 축제,청주시,주민화합,3
2025-10-24,내덕동,청주 미식·주(酒) 페스타,청주시,특산물,2
2025-10-25,내덕동,청주 미식·주(酒) 페스타,청주시,특산물,2
2025-11-01,내덕동,청주 디저트·베이커리 페스타,청주시,특산물,2
2025-11-02,내덕동,청주 디저트·베이커리 페스타,청주시,특산물,2
2025-10-17,내수읍,세종대왕과 초정약수축제,청주시,주민화합,3
2025-10-18,내수읍,세종대왕과 초정약수축제,청주시,주민화합,3
2025-10-19,내수읍,세종대왕과 초정약수축제,청주시,주민화합,3
2025-08-29,성안동,한여름밤 오싹 호러 페스티벌,청주시,주민화합,2
2025-08-30,성안동,한여름밤 오싹 호러 페스티벌,청주시,주민화합,2
2025-05-02,남일면,청주시 도시농업 페스티벌,청주시,문화예술,4
2025-05-03,남일면,청주시 도시농업 페스티벌,청주시,문화예술,4
2025-05-04,남일면,청주시 도시농업 페스티벌,청주시,문화예술,4
2025-05-05,남일면,청주시 도시농업 페스티벌,청주시,문화예술,4
2025-05-09,청원구,대한민국 정원박람회 청주 가드닝페스티벌,청주시,자연생태,3
2025-05-10,청원구,대한민국 정원박람회 청주 가드닝페스티벌,청주시,자연생태,3
2025-05-11,청원구,대한민국 정원박람회 청주 가드닝페스티벌,청주시,자연생태,3
2025-09-24,오창읍,청원생명축제,청주시,특산물,10
2025-09-25,오창읍,청원생명축제,청주시,특산물,10
2025-09-26,오창읍,청원생명축제,청주시,특산물,10
2025-09-27,오창읍,청원생명축제,청주시,특산물,10
2025-09-28,오창읍,청원생명축제,청주시,특산물,10
2025-09-29,오창읍,청원생명축제,청주시,특산물,10
2025-09-30,오창읍,청원생명축제,청주시,특산물,10
2025-10-01,오창읍,청원생명축제,청주시,특산물,10
2025-10-02,오창읍,청원생명축제,청주시,특산물,10
2025-10-03,오창읍,청원생명축제,청주시,특산물,10
2025-06-06,성안동,청주 국가유산 야행,청주시,전통역사,3
2025-06-07,성안동,청주 국가유산 야행,청주시,전통역사,3
2025-06-08,성안동,청주 국가유산 야행,청주시,전통역사,3
2025-04-26,중앙동,원도심골목길축제<봄:중앙극장>,청주시,문화예술,2
2025-04-27,중앙동,원도심골목길축제<봄:중앙극장>,청주시,문화예술,2
2025-05-23,문의면,청남대 재즈토닉페스티벌,청주시,문화예술,3
2025-05-24,문의면,청남대 재즈토닉페스티벌,청주시,문화예술,3
2025-05-25,문의면,청남대 재즈토닉페스티벌,청주시,문화예술,3
2025-08-31,성안동,원도심골목길축제<여름:성안이즈백>,청주시,문화예술,2
2025-09-06,성안동,청주읍성큰잔치,청주시,문화예술,2
2025-09-07,성안동,청주읍성큰잔치,청주시,문화예술,2
2025-09-27,내덕동,동부창고페스타,청주시,문화예술,2
2025-09-28,내덕동,동부창고페스타,청주시,문화예술,2
2025-10-25,대성동,원도심골목길축제<가을:집대성>,청주시,문화예술,2
2025-10-26,대성동,원도심골목길축제<가을:집대성>,청주시,문화예술,2
2025-09-12,내덕2동,힙한 청주 페스티벌 in 제조창,청주시,문화예술,2
2025-09-13,내덕2동,힙한 청주 페스티벌 in 제조창,청주시,문화예술,2
2025-09-24,칠금동,우륵문화제,충주시,문화예술,5
2025-09-25,칠금동,우륵문화제,충주시,문화예술,5
2025-09-26,칠금동,우륵문화제,충주시,문화예술,5
2025-09-27,칠금동,우륵문화제,충주시,문화예술,5
2025-09-28,칠금동,우륵문화제,충주시,문화예술,5
2025-04-19,엄정면,목계별신제,충주시,전통역사,2
2025-04-20,엄정면,목계별신제,충주시,전통역사,2
2025-10-25,금릉동,충주씨 농산물직거래 한마당,충주시,특산물,2
2025-10-26,금릉동,충주씨 농산물직거래 한마당,충주시,특산물,2
2025-03-28,동량면,충주호 벚꽃축제,충주시,문화예술,3
2025-03-29,동량면,충주호 벚꽃축제,충주시,문화예술,3
2025-03-30,동량면,충주호 벚꽃축제,충주시,문화예술,3
2025-04-11,수안보면,수안보온천제,충주시,문화예술,3
2025-04-12,수안보면,수안보온천제,충주시,문화예술,3
2025-04-13,수안보면,수안보온천제,충주시,문화예술,3
2025-05-29,호암직동,충주다이브페스티벌,충주시,문화예술,4
2025-05-30,호암직동,충주다이브페스티벌,충주시,문화예술,4
2025-05-31,호암직동,충주다이브페스티벌,충주시,문화예술,4
2025-06-01,호암직동,충주다이브페스티벌,충주시,문화예술,4
2025-10-18,앙성면,비내섬 축제,충주시,문화예술,2
2025-10-19,앙성면,비내섬 축제,충주시,문화예술,2
2025-02-28,영천동,제천빨간오뎅축제,제천시,특산물,4
2025-03-01,영천동,제천빨간오뎅축제,제천시,특산물,4
2025-03-02,영천동,제천빨간오뎅축제,제천시,특산물,4
2025-03-03,영천동,제천빨간오뎅축제,제천시,특산물,4
2025-04-01,청풍,제천청풍호벚꽃축제,제천시,자연생태,13
2025-04-02,청풍,제천청풍호벚꽃축제,제천시,자연생태,13
2025-04-03,청풍,제천청풍호벚꽃축제,제천시,자연생태,13
2025-04-04,청풍,제천청풍호벚꽃축제,제천시,자연생태,13
2025-04-05,청풍,제천청풍호벚꽃축제,제천시,자연생태,13
2025-04-06,청풍,제천청풍호벚꽃축제,제천시,자연생태,13
2025-04-07,청풍,제천청풍호벚꽃축제,제천시,자연생태,13
2025-04-08,청풍,제천청풍호벚꽃축제,제천시,자연생태,13
2025-04-09,청풍,제천청풍호벚꽃축제,제천시,자연생태,13
2025-04-10,청풍,제천청풍호벚꽃축제,제천시,자연생태,13
2025-04-11,청풍,제천청풍호벚꽃축제,제천시,자연생태,13
2025-04-12,청풍,제천청풍호벚꽃축제,제천시,자연생태,13
2025-04-13,청풍,제천청풍호벚꽃축제,제천시,자연생태,13
2025-07-11,한수면,월악산송계양파축제,제천시,특산물,3
2025-07-12,한수면,월악산송계양파축제,제천시,특산물,3
2025-07-13,한수면,월악산송계양파축제,제천시,특산물,3
2025-10-24,수산면,슬로시티 수산 힐링축제,제천시,주민화합,3
2025-10-25,수산면,슬로시티 수산 힐링축제,제천시,주민화합,3
2025-10-26,수산면,슬로시티 수산 힐링축제,제천시,주민화합,3
2025-11-29,봉양읍,봉양박달콩축제,제천시,특산물,2
2025-11-30,봉양읍,봉양박달콩축제,제천시,특산물,2
2025-06-13,중앙,제천 수제맥주&달빛야시장 축제,제천시,주민화합,2
2025-06-14,중앙,제천 수제맥주&달빛야시장 축제,제천시,주민화합,2
2025-11-07,덕산면,덕산양채축제,제천시,문화예술,2
2025-11-08,덕산면,덕산양채축제,제천시,문화예술,2
2025-04-04,보은읍,보은벚꽃길축제,보은군,자연생태,10
2025-04-05,보은읍,보은벚꽃길축제,보은군,자연생태,10
2025-04-06,보은읍,보은벚꽃길축제,보은군,자연생태,10
2025-04-07,보은읍,보은벚꽃길축제,보은군,자연생태,10
2025-04-08,보은읍,보은벚꽃길축제,보은군,자연생태,10
2025-04-09,보은읍,보은벚꽃길축제,보은군,자연생태,10
2025-04-10,보은읍,보은벚꽃길축제,보은군,자연생태,10
2025-04-11,보은읍,보은벚꽃길축제,보은군,자연생태,10
2025-04-12,보은읍,보은벚꽃길축제,보은군,자연생태,10
2025-04-13,보은읍,보은벚꽃길축제,보은군,자연생태,10
2025-10-17,보은읍,보은대추축제,보은군,특산물,10
2025-10-18,보은읍,보은대추축제,보은군,특산물,10
2025-10-19,보은읍,보은대추축제,보은군,특산물,10
2025-10-20,보은읍,보은대추축제,보은군,특산물,10
2025-10-21,보은읍,보은대추축제,보은군,특산물,10
2025-10-22,보은읍,보은대추축제,보은군,특산물,10
2025-10-23,보은읍,보은대추축제,보은군,특산물,10
2025-10-24,보은읍,보은대추축제,보은군,특산물,10
2025-10-25,보은읍,보은대추축제,보은군,특산물,10
2025-10-26,보은읍,보은대추축제,보은군,특산물,10
2025-03-28,이원면,옥천묘목축제,옥천군,특산물,3
2025-03-29,이원면,옥천묘목축제,옥천군,특산물,3
2025-03-30,이원면,옥천묘목축제,옥천군,특산물,3
2025-04-05,청산면,청산생선국수 축제,옥천군,특산물,2
2025-04-06,청산면,청산생선국수 축제,옥천군,특산물,2
2025-05-15,옥천읍,지용제,옥천군,문화예술,4
2025-05-16,옥천읍,지용제,옥천군,문화예술,4
2025-05-17,옥천읍,지용제,옥천군,문화예술,4
2025-05-18,옥천읍,지용제,옥천군,문화예술,4
2025-08-01,옥천읍,향수옥천 포도복숭아 축제,옥천군,특산물,3
2025-08-02,옥천읍,향수옥천 포도복숭아 축제,옥천군,특산물,3
2025-08-03,옥천읍,향수옥천 포도복숭아 축제,옥천군,특산물,3
2025-07-11,안내면,옥수수감자 축제,옥천군,특산물,3
2025-07-12,안내면,옥수수감자 축제,옥천군,특산물,3
2025-07-13,안내면,옥수수감자 축제,옥천군,특산물,3
2025-01-03,영동읍,영동곶감축제,영동군,특산물,3
2025-01-04,영동읍,영동곶감축제,영동군,특산물,3
2025-01-05,영동읍,영동곶감축제,영동군,특산물,3
2025-09-12,영동읍,대한민국와인축제,영동군,특산물,30
2025-09-13,영동읍,대한민국와인축제,영동군,특산물,30
2025-09-14,영동읍,대한민국와인축제,영동군,특산물,30
2025-09-15,영동읍,대한민국와인축제,영동군,특산물,30
2025-09-16,영동읍,대한민국와인축제,영동군,특산물,30
2025-09-17,영동읍,대한민국와인축제,영동군,특산물,30
2025-09-18,영동읍,대한민국와인축제,영동군,특산물,30
2025-09-19,영동읍,대한민국와인축제,영동군,특산물,30
2025-09-20,영동읍,대한민국와인축제,영동군,특산물,30
2025-09-21,영동읍,대한민국와인축제,영동군,특산물,30
2025-09-22,영동읍,대한민국와인축제,영동군,특산물,30
2025-09-23,영동읍,대한민국와인축제,영동군,특산물,30
2025-09-24,영동읍,대한민국와인축제,영동군,특산물,30
2025-09-25,영동읍,대한민국와인축제,영동군,특산물,30
2025-09-26,영동읍,대한민국와인축제,영동군,특산물,30
2025-09-27,영동읍,대한민국와인축제,영동군,특산물,30
2025-09-28,영동읍,대한민국와인축제,영동군,특산물,30
2025-09-29,영동읍,대한민국와인축제,영동군,특산물,30
2025-09-30,영동읍,대한민국와인축제,영동군,특산물,30
2025-10-01,영동읍,대한민국와인축제,영동군,특산물,30
2025-10-02,영동읍,대한민국와인축제,영동군,특산물,30
2025-10-03,영동읍,대한민국와인축제,영동군,특산물,30
2025-10-04,영동읍,대한민국와인축제,영동군,특산물,30
2025-10-05,영동읍,대한민국와인축제,영동군,특산물,30
2025-10-06,영동읍,대한민국와인축제,영동군,특산물,30
2025-10-07,영동읍,대한민국와인축제,영동군,특산물,30
2025-10-08,영동읍,대한민국와인축제,영동군,특산물,30
2025-10-09,영동읍,대한민국와인축제,영동군,특산물,30
2025-10-10,영동읍,대한민국와인축제,영동군,특산물,30
2025-10-11,영동읍,대한민국와인축제,영동군,특산물,30
2025-09-25,증평읍,증평인삼골축제,증평군,특산물,4
2025-09-26,증평읍,증평인삼골축제,증평군,특산물,4
2025-09-27,증평읍,증평인삼골축제,증평군,특산물,4
2025-09-28,증평읍,증평인삼골축제,증평군,특산물,4
2025-06-07,증평읍,증평들노래축제,증평군,전통역사,2
2025-06-08,증평읍,증평들노래축제,증평군,전통역사,2
2025-09-25,진천읍,생거진천문화축제,진천군,문화예술,4
2025-09-26,진천읍,생거진천문화축제,진천군,문화예술,4
2025-09-27,진천읍,생거진천문화축제,진천군,문화예술,4
2025-09-28,진천읍,생거진천문화축제,진천군,문화예술,4
2025-05-23,괴산읍,괴산빨간맛페스티벌,괴산군,특산물,3
2025-05-24,괴산읍,괴산빨간맛페스티벌,괴산군,특산물,3
2025-05-25,괴산읍,괴산빨간맛페스티벌,괴산군,특산물,3
2025-09-04,괴산읍,괴산고추축제,괴산군,특산물,4
2025-09-05,괴산읍,괴산고추축제,괴산군,특산물,4
2025-09-06,괴산읍,괴산고추축제,괴산군,특산물,4
2025-09-07,괴산읍,괴산고추축제,괴산군,특산물,4
2025-11-06,괴산읍,괴산김장축제,괴산군,특산물,4
2025-11-07,괴산읍,괴산김장축제,괴산군,특산물,4
2025-11-08,괴산읍,괴산김장축제,괴산군,특산물,4
2025-11-09,괴산읍,괴산김장축제,괴산군,특산물,4
2025-05-21,음성읍,음성품바축제,음성군,문화예술,5
2025-05-22,음성읍,음성품바축제,음성군,문화예술,5
2025-05-23,음성읍,음성품바축제,음성군,문화예술,5
2025-05-24,음성읍,음성품바축제,음성군,문화예술,5
2025-05-25,음성읍,음성품바축제,음성군,문화예술,5
2025-09-25,금왕읍,음성명작 페스티벌,음성군,특산물,4
2025-09-26,금왕읍,음성명작 페스티벌,음성군,특산물,4
2025-09-27,금왕읍,음성명작 페스티벌,음성군,특산물,4
2025-09-28,금왕읍,음성명작 페스티벌,음성군,특산물,4
2025-10-17,음성읍,설성문화제,음성군,전통역사,2
2025-10-18,음성읍,설성문화제,음성군,전통역사,2
2025-05-22,단양읍,단양 소백산철쭉제,단양군,자연생태,4
2025-05-23,단양읍,단양 소백산철쭉제,단양군,자연생태,4
2025-05-24,단양읍,단양 소백산철쭉제,단양군,자연생태,4
2025-05-25,단양읍,단양 소백산철쭉제,단양군,자연생태,4
2025-10-24,영춘면,단양 온달문화축제,단양군,전통역사,2
2025-10-25,영춘면,단양 온달문화축제,단양군,전통역사,2
